1.000000000000000000e+00,1.600000000000000000e+01,-1.492663217826469690e+01,9.722222222222222099e-01,8.829999999999999716e+01,0.000000000000000000e+00,1.671721602310892285e+00,0.000000000000000000e+00,1.224456091312050532e+01,1.671721602310892285e+00,0.000000000000000000e+00,3.545152560085061300e+00,1.418194017914743377e+01,2.112499999999999645e+01,2.112499999999999645e+01,2.112499999999999645e+01,1.510736907140701746e+00,2.112499999999999645e+01,0.000000000000000000e+00,2.112499999999999645e+01,1.510736907140701746e+00
2.000000000000000000e+00,1.700000000000000000e+01,-1.451509602914080688e+01,1.083333333333333259e+00,8.500000000000000000e+01,0.000000000000000000e+00,5.360079598541460655e-01,0.000000000000000000e+00,1.351349212137861322e+01,5.360079598541460655e-01,0.000000000000000000e+00,7.984811004823679781e-01,1.400907843528125163e+01,2.474999999999999645e+01,2.474999999999999645e+01,2.474999999999999645e+01,1.769975784697390253e+00,2.474999999999999645e+01,0.000000000000000000e+00,2.474999999999999645e+01,1.769975784697390253e+00
3.000000000000000000e+00,1.800000000000000000e+01,-3.587456931544281247e+01,1.138888888888888840e+00,8.190000000000000568e+01,1.769031656859853863e+00,0.000000000000000000e+00,1.584375352304296047e+00,1.443404570086049610e+01,0.000000000000000000e+00,0.000000000000000000e+00,0.000000000000000000e+00,1.318869819814822009e+01,1.124999999999999822e+01,1.124999999999999822e+01,1.124999999999999822e+01,8.045344475897229231e-01,1.124999999999999822e+01,0.000000000000000000e+00,1.124999999999999822e+01,8.045344475897229231e-01
4.000000000000000000e+00,1.900000000000000000e+01,-1.831533407275716741e+01,1.111111111111111160e+00,7.790000000000000568e+01,3.570808534456025640e+00,0.000000000000000000e+00,4.248816121614645169e+00,1.451674550298960220e+01,0.000000000000000000e+00,0.000000000000000000e+00,0.000000000000000000e+00,1.161278841964938735e+01,2.124999999999999645e+01,2.124999999999999645e+01,2.124999999999999645e+01,1.519676178780587694e+00,2.124999999999999645e+01,0.000000000000000000e+00,2.124999999999999645e+01,1.519676178780587694e+00
5.000000000000000000e+00,2.000000000000000000e+01,-3.063272747394876205e+00,1.111111111111111160e+00,7.520000000000000284e+01,4.298492792866327683e+00,0.000000000000000000e+00,7.190503709212682004e+00,1.411104624815287778e+01,0.000000000000000000e+00,0.000000000000000000e+00,0.000000000000000000e+00,9.844402484531578068e+00,4.662500000000000000e+01,4.662500000000000000e+01,4.662500000000000000e+01,3.583135226250938388e+01,4.662500000000000000e+01,0.000000000000000000e+00,4.662500000000000000e+01,3.583135226250938388e+01
6.000000000000000000e+00,2.000000000000000000e+01,4.903683044834394877e+00,1.083333333333333259e+00,7.159999999999999432e+01,3.474771044597110503e+00,0.000000000000000000e+00,1.001082295633286812e+01,1.317729561899065160e+01,0.000000000000000000e+00,0.000000000000000000e+00,0.000000000000000000e+00,8.169179763756053703e+00,1.568750000000000000e+02,1.568750000000000000e+02,1.568750000000000000e+02,2.619099591659033877e+02,1.568750000000000000e+02,0.000000000000000000e+00,1.568750000000000000e+02,2.619099591659033877e+02
7.000000000000000000e+00,2.000000000000000000e+01,4.781216436800491465e+00,1.027777777777777901e+00,6.820000000000000284e+01,4.332325194563247384e-01,0.000000000000000000e+00,1.193345491112674672e+01,1.173641056832847518e+01,0.000000000000000000e+00,0.000000000000000000e+00,0.000000000000000000e+00,7.143820624306545852e+00,1.050000000000000000e+02,1.050000000000000000e+02,1.050000000000000000e+02,1.727794653623066665e+02,1.050000000000000000e+02,0.000000000000000000e+00,1.050000000000000000e+02,1.727794653623066665e+02
8.000000000000000000e+00,2.000000000000000000e+01,5.418798230363961466e+00,1.000000000000000000e+00,6.940000000000000568e+01,0.000000000000000000e+00,0.000000000000000000e+00,1.126196383859461569e+01,9.845655662514447570e+00,0.000000000000000000e+00,0.000000000000000000e+00,5.138476311556046561e+00,7.571589353579272874e+00,1.850000000000000000e+02,1.850000000000000000e+02,1.850000000000000000e+02,3.502704771848025871e+02,1.850000000000000000e+02,0.000000000000000000e+00,1.850000000000000000e+02,3.502704771848025871e+02
9.000000000000000000e+00,1.800000000000000000e+01,2.908534201470160951e+00,9.722222222222222099e-01,7.340000000000000568e+01,0.000000000000000000e+00,0.000000000000000000e+00,6.320594113709458561e+00,7.785479522063609714e+00,0.000000000000000000e+00,0.000000000000000000e+00,1.052163124770465430e+01,9.345609589581567178e+00,0.000000000000000000e+00,0.000000000000000000e+00,0.000000000000000000e+00,0.000000000000000000e+00,0.000000000000000000e+00,0.000000000000000000e+00,0.000000000000000000e+00,0.000000000000000000e+00
1.000000000000000000e+01,1.800000000000000000e+01,2.116304157038882749e+00,1.027777777777777901e+00,7.690000000000000568e+01,0.000000000000000000e+00,0.000000000000000000e+00,4.681457646373743398e-01,6.851051924656612613e+00,0.000000000000000000e+00,0.000000000000000000e+00,1.165132155541050629e+01,1.100412371265381672e+01,0.000000000000000000e+00,0.000000000000000000e+00,0.000000000000000000e+00,0.000000000000000000e+00,0.000000000000000000e+00,0.000000000000000000e+00,0.000000000000000000e+00,0.000000000000000000e+00
1.100000000000000000e+01,1.700000000000000000e+01,9.767159637343638678e-01,1.138888888888888840e+00,8.040000000000000568e+01,0.000000000000000000e+00,2.883466659045246239e+00,0.000000000000000000e+00,7.456044989446744431e+00,2.883466659045246239e+00,0.000000000000000000e+00,9.888707247441656634e+00,1.219921956836997268e+01,0.000000000000000000e+00,0.000000000000000000e+00,0.000000000000000000e+00,0.000000000000000000e+00,0.000000000000000000e+00,0.000000000000000000e+00,0.000000000000000000e+00,0.000000000000000000e+00
1.200000000000000000e+01,1.700000000000000000e+01,1.391751187095053410e+00,1.222222222222222321e+00,8.359999999999999432e+01,0.000000000000000000e+00,4.006979633757758563e+00,0.000000000000000000e+00,8.955192946946255006e+00,4.006979633757758563e+00,0.000000000000000000e+00,7.309934702752126867e+00,1.315793092920335283e+01,0.000000000000000000e+00,0.000000000000000000e+00,0.000000000000000000e+00,0.000000000000000000e+00,0.000000000000000000e+00,0.000000000000000000e+00,0.000000000000000000e+00,0.000000000000000000e+00
1.300000000000000000e+01,1.700000000000000000e+01,1.744446584582192372e+00,1.250000000000000000e+00,8.629999999999999716e+01,0.000000000000000000e+00,3.590222018427762229e+00,0.000000000000000000e+00,1.070101259249055303e+01,3.590222018427762229e+00,0.000000000000000000e+00,4.556004783579448159e+00,1.372625920785328191e+01,0.000000000000000000e+00,0.000000000000000000e+00,0.000000000000000000e+00,0.000000000000000000e+00,0.000000000000000000e+00,0.000000000000000000e+00,0.000000000000000000e+00,0.000000000000000000e+00
1.400000000000000000e+01,1.600000000000000000e+01,4.325708755455934806e-01,1.305555555555555580e+00,8.850000000000000000e+01,0.000000000000000000e+00,2.026639819848308210e+00,0.000000000000000000e+00,1.207901431521543678e+01,2.026639819848308210e+00,0.000000000000000000e+00,1.926461250782525170e+00,1.354706890352692739e+01,0.000000000000000000e+00,0.000000000000000000e+00,0.000000000000000000e+00,0.000000000000000000e+00,0.000000000000000000e+00,0.000000000000000000e+00,0.000000000000000000e+00,0.000000000000000000e+00
1.500000000000000000e+01,1.600000000000000000e+01,-2.153080677804268817e-01,1.305555555555555580e+00,8.959999999999999432e+01,2.178962702445015887e-01,0.000000000000000000e+00,3.040028349782029626e-01,1.310705862575740888e+01,0.000000000000000000e+00,0.000000000000000000e+00,0.000000000000000000e+00,1.291324208467525025e+01,0.000000000000000000e+00,0.000000000000000000e+00,0.000000000000000000e+00,0.000000000000000000e+00,0.000000000000000000e+00,0.000000000000000000e+00,0.000000000000000000e+00,0.000000000000000000e+00
1.600000000000000000e+01,1.600000000000000000e+01,-3.626846322609935669e-01,1.305555555555555580e+00,8.990000000000000568e+01,1.494348258319504241e+00,0.000000000000000000e+00,2.905124129635566099e+00,1.362329998542849019e+01,0.000000000000000000e+00,0.000000000000000000e+00,0.000000000000000000e+00,1.198947744715059471e+01,0.000000000000000000e+00,0.000000000000000000e+00,0.000000000000000000e+00,0.000000000000000000e+00,0.000000000000000000e+00,0.000000000000000000e+00,0.000000000000000000e+00,0.000000000000000000e+00
1.700000000000000000e+01,1.600000000000000000e+01,-3.923629580593797073e-01,1.277777777777777679e+00,9.050000000000000000e+01,1.794780083669943904e+00,0.000000000000000000e+00,5.702655366633349487e+00,1.387178576870219082e+01,0.000000000000000000e+00,0.000000000000000000e+00,0.000000000000000000e+00,1.108747939334545940e+01,0.000000000000000000e+00,0.000000000000000000e+00,0.000000000000000000e+00,0.000000000000000000e+00,0.000000000000000000e+00,0.000000000000000000e+00,0.000000000000000000e+00,0.000000000000000000e+00
1.800000000000000000e+01,1.600000000000000000e+01,8.492885252314863465e-01,1.250000000000000000e+00,9.170000000000000284e+01,7.770331284306450925e-01,0.000000000000000000e+00,8.398796271246665057e+00,1.395556793063653345e+01,0.000000000000000000e+00,0.000000000000000000e+00,0.000000000000000000e+00,1.054796002710016189e+01,0.000000000000000000e+00,0.000000000000000000e+00,0.000000000000000000e+00,0.000000000000000000e+00,0.000000000000000000e+00,0.000000000000000000e+00,0.000000000000000000e+00,0.000000000000000000e+00
1.900000000000000000e+01,1.600000000000000000e+01,9.277768754420776531e-01,1.250000000000000000e+00,9.229999999999999716e+01,0.000000000000000000e+00,0.000000000000000000e+00,1.004423039684142260e+01,1.340970895460026036e+01,0.000000000000000000e+00,0.000000000000000000e+00,1.894640989357117000e+00,1.038321357571969195e+01,0.000000000000000000e+00,0.000000000000000000e+00,0.000000000000000000e+00,0.000000000000000000e+00,0.000000000000000000e+00,0.000000000000000000e+00,0.000000000000000000e+00,0.000000000000000000e+00
2.000000000000000000e+01,1.600000000000000000e+01,9.277768754420776531e-01,1.222222222222222321e+00,9.229999999999999716e+01,0.000000000000000000e+00,0.000000000000000000e+00,9.386950790080465623e+00,1.214048390699059610e+01,0.000000000000000000e+00,0.000000000000000000e+00,5.688847964365977283e+00,1.076712746496279927e+01,0.000000000000000000e+00,0.000000000000000000e+00,0.000000000000000000e+00,0.000000000000000000e+00,0.000000000000000000e+00,0.000000000000000000e+00,0.000000000000000000e+00,0.000000000000000000e+00
2.100000000000000000e+01,1.500000000000000000e+01,-1.909013555801607254e+00,1.250000000000000000e+00,9.259999999999999432e+01,0.000000000000000000e+00,0.000000000000000000e+00,6.346904171921231352e+00,1.080217860310666467e+01,0.000000000000000000e+00,0.000000000000000000e+00,8.867171693293355972e+00,1.173812489752618582e+01,0.000000000000000000e+00,0.000000000000000000e+00,0.000000000000000000e+00,0.000000000000000000e+00,0.000000000000000000e+00,0.000000000000000000e+00,0.000000000000000000e+00,0.000000000000000000e+00
2.200000000000000000e+01,1.500000000000000000e+01,-1.462263460673170812e+00,1.277777777777777679e+00,9.320000000000000284e+01,0.000000000000000000e+00,0.000000000000000000e+00,2.524254946683602618e+00,1.019573371625442704e+01,0.000000000000000000e+00,0.000000000000000000e+00,9.934246502678970359e+00,1.294756624184994287e+01,9.750000000000000000e+00,9.750000000000000000e+00,9.750000000000000000e+00,1.741000807176753895e+01,9.750000000000000000e+00,0.000000000000000000e+00,9.750000000000000000e+00,1.741000807176753895e+01
2.300000000000000000e+01,1.600000000000000000e+01,-2.469200286782324838e-03,1.222222222222222321e+00,9.229999999999999716e+01,0.000000000000000000e+00,4.071592037543996789e-01,0.000000000000000000e+00,1.056646336989580703e+01,4.071592037543996789e-01,0.000000000000000000e+00,8.930255380708420176e+00,1.403407881376296018e+01,1.657500000000000000e+02,1.657500000000000000e+02,1.657500000000000000e+02,3.080404529694999951e+02,1.657500000000000000e+02,0.000000000000000000e+00,1.657500000000000000e+02,3.080404529694999951e+02
2.400000000000000000e+01,1.700000000000000000e+01,-1.402206487192472650e+00,1.166666666666666741e+00,8.890000000000000568e+01,0.000000000000000000e+00,1.819605000294091335e+00,0.000000000000000000e+00,1.151383219146439885e+01,1.819605000294091335e+00,0.000000000000000000e+00,6.585816103778403097e+00,1.463533523377206613e+01,1.183750000000000000e+02,1.183750000000000000e+02,1.183750000000000000e+02,1.988050847535591288e+02,1.183750000000000000e+02,0.000000000000000000e+00,1.183750000000000000e+02,1.988050847535591288e+02
2.500000000000000000e+01,1.800000000000000000e+01,2.820329618288269558e+00,1.250000000000000000e+00,8.420000000000000284e+01,0.000000000000000000e+00,1.760373398905947129e+00,0.000000000000000000e+00,1.255674189919630912e+01,1.760373398905947129e+00,0.000000000000000000e+00,3.674963745596856679e+00,1.457525129003610864e+01,3.635000000000000000e+02,3.635000000000000000e+02,3.635000000000000000e+02,6.805779098798319637e+02,3.635000000000000000e+02,0.000000000000000000e+00,3.635000000000000000e+02,6.805779098798319637e+02
2.600000000000000000e+01,1.800000000000000000e+01,2.980342768869149950e+00,1.277777777777777679e+00,8.000000000000000000e+01,0.000000000000000000e+00,5.565876379160880072e-01,0.000000000000000000e+00,1.331801152531754795e+01,5.565876379160880072e-01,0.000000000000000000e+00,8.183836704801906725e-01,1.382863164406034784e+01,3.557500000000000000e+02,3.557500000000000000e+02,3.557500000000000000e+02,6.577400151930171432e+02,3.557500000000000000e+02,0.000000000000000000e+00,3.557500000000000000e+02,6.577400151930171432e+02
2.700000000000000000e+01,1.900000000000000000e+01,1.088011803435165348e+00,1.250000000000000000e+00,7.700000000000000000e+01,1.648573201896687435e+00,0.000000000000000000e+00,1.495007971985957251e+00,1.376475361326859215e+01,0.000000000000000000e+00,0.000000000000000000e+00,0.000000000000000000e+00,1.259732867684732938e+01,2.278750000000000000e+02,2.278750000000000000e+02,2.278750000000000000e+02,4.090457969701382694e+02,2.278750000000000000e+02,0.000000000000000000e+00,2.278750000000000000e+02,4.090457969701382694e+02
2.800000000000000000e+01,1.900000000000000000e+01,-2.315628245695450005e+00,1.222222222222222321e+00,7.370000000000000284e+01,3.283484899657647116e+00,0.000000000000000000e+00,3.959505383944207146e+00,1.356005447418018584e+01,0.000000000000000000e+00,0.000000000000000000e+00,0.000000000000000000e+00,1.087024084964758330e+01,1.752500000000000000e+02,1.752500000000000000e+02,1.752500000000000000e+02,3.068628659603694473e+02,1.752500000000000000e+02,0.000000000000000000e+00,1.752500000000000000e+02,3.068628659603694473e+02
2.900000000000000000e+01,1.900000000000000000e+01,-4.112178721615629229e+01,1.138888888888888840e+00,6.800000000000000000e+01,3.745030156243582820e+00,0.000000000000000000e+00,6.368869503551665368e+00,1.252149780857145345e+01,0.000000000000000000e+00,0.000000000000000000e+00,0.000000000000000000e+00,8.765520782941036870e+00,7.124999999999999112e+00,7.124999999999999112e+00,7.124999999999999112e+00,5.095384834734911772e-01,7.124999999999999112e+00,0.000000000000000000e+00,7.124999999999999112e+00,5.095384834734911772e-01
3.000000000000000000e+01,1.900000000000000000e+01,-4.159958323450561579e+01,1.027777777777777901e+00,6.590000000000000568e+01,2.783190352442691307e+00,0.000000000000000000e+00,8.234412007173940395e+00,1.087374604381113841e+01,0.000000000000000000e+00,0.000000000000000000e+00,0.000000000000000000e+00,6.782162902567149487e+00,5.499999999999999112e+00,5.499999999999999112e+00,5.499999999999999112e+00,3.933279521549756241e-01,5.499999999999999112e+00,0.000000000000000000e+00,5.499999999999999112e+00,3.933279521549756241e-01
3.100000000000000000e+01,1.800000000000000000e+01,-3.826969380009941801e+01,9.722222222222222099e-01,6.879999999999999716e+01,2.683111844371318666e-01,0.000000000000000000e+00,9.736247597190201830e+00,9.634687667099907316e+00,0.000000000000000000e+00,0.000000000000000000e+00,0.000000000000000000e+00,5.919316326731871136e+00,3.874999999999999556e+00,3.874999999999999556e+00,3.874999999999999556e+00,2.771174208364600711e-01,3.874999999999999556e+00,0.000000000000000000e+00,3.874999999999999556e+00,2.771174208364600711e-01
3.200000000000000000e+01,1.700000000000000000e+01,-3.751650761675477952e-01,8.333333333333332593e-01,6.909999999999999432e+01,0.000000000000000000e+00,0.000000000000000000e+00,8.923826326178145862e+00,7.884154044106318260e+00,0.000000000000000000e+00,0.000000000000000000e+00,4.139796758122067821e+00,6.107519338209007387e+00,1.200000000000000000e+01,1.200000000000000000e+01,1.200000000000000000e+01,1.292848582688091419e+01,1.200000000000000000e+01,0.000000000000000000e+00,1.200000000000000000e+01,1.292848582688091419e+01
3.300000000000000000e+01,1.600000000000000000e+01,-1.798870897699202942e-01,7.500000000000000000e-01,7.029999999999999716e+01,0.000000000000000000e+00,0.000000000000000000e+00,4.780987012470033548e+00,5.951913485058709874e+00,0.000000000000000000e+00,0.000000000000000000e+00,7.937215476561723548e+00,7.124035218270482694e+00,0.000000000000000000e+00,0.000000000000000000e+00,0.000000000000000000e+00,0.000000000000000000e+00,0.000000000000000000e+00,0.000000000000000000e+00,0.000000000000000000e+00,0.000000000000000000e+00
3.400000000000000000e+01,1.500000000000000000e+01,-1.974201531236076335e+00,7.777777777777776791e-01,7.500000000000000000e+01,0.000000000000000000e+00,0.000000000000000000e+00,4.141226225066239053e-01,5.369867211690991127e+00,0.000000000000000000e+00,0.000000000000000000e+00,8.979336850591323582e+00,8.550712280598878223e+00,0.000000000000000000e+00,0.000000000000000000e+00,0.000000000000000000e+00,0.000000000000000000e+00,0.000000000000000000e+00,0.000000000000000000e+00,0.000000000000000000e+00,0.000000000000000000e+00
3.500000000000000000e+01,1.500000000000000000e+01,-2.308140168879390330e+00,8.611111111111111605e-01,7.820000000000000284e+01,0.000000000000000000e+00,2.215937453299490656e+00,0.000000000000000000e+00,5.950460844995460796e+00,2.215937453299490656e+00,0.000000000000000000e+00,7.789818116122680713e+00,9.666276633856481837e+00,0.000000000000000000e+00,0.000000000000000000e+00,0.000000000000000000e+00,0.000000000000000000e+00,0.000000000000000000e+00,0.000000000000000000e+00,0.000000000000000000e+00,0.000000000000000000e+00
3.600000000000000000e+01,1.400000000000000000e+01,-3.870000740798161587e+00,9.166666666666666297e-01,8.029999999999999716e+01,0.000000000000000000e+00,3.093794759329071997e+00,0.000000000000000000e+00,7.084119210609597594e+00,3.093794759329071997e+00,0.000000000000000000e+00,5.727257122638169662e+00,1.035997415529209853e+01,0.000000000000000000e+00,0.000000000000000000e+00,0.000000000000000000e+00,0.000000000000000000e+00,0.000000000000000000e+00,0.000000000000000000e+00,0.000000000000000000e+00,0.000000000000000000e+00
3.700000000000000000e+01,1.400000000000000000e+01,-3.731589305756131125e+00,1.027777777777777901e+00,8.129999999999999716e+01,0.000000000000000000e+00,2.635128488414688164e+00,0.000000000000000000e+00,8.021955819933735299e+00,2.635128488414688164e+00,0.000000000000000000e+00,3.383238133693293737e+00,1.025698360593375646e+01,0.000000000000000000e+00,0.000000000000000000e+00,0.000000000000000000e+00,0.000000000000000000e+00,0.000000000000000000e+00,0.000000000000000000e+00,0.000000000000000000e+00,0.000000000000000000e+00
3.800000000000000000e+01,1.300000000000000000e+01,-5.796690258804574114e+00,1.138888888888888840e+00,8.229999999999999716e+01,0.000000000000000000e+00,1.456033910549171750e+00,0.000000000000000000e+00,8.931789753878243587e+00,1.456033910549171750e+00,0.000000000000000000e+00,1.398903321289983515e+00,9.992021614298128185e+00,0.000000000000000000e+00,0.000000000000000000e+00,0.000000000000000000e+00,0.000000000000000000e+00,0.000000000000000000e+00,0.000000000000000000e+00,0.000000000000000000e+00,0.000000000000000000e+00
3.900000000000000000e+01,1.300000000000000000e+01,-1.348139041262010096e+01,1.333333333333333259e+00,8.450000000000000000e+01,1.801077954669813297e-01,0.000000000000000000e+00,2.485738657702276089e-01,9.372795118208943066e+00,0.000000000000000000e+00,0.000000000000000000e+00,0.000000000000000000e+00,9.213596537535202913e+00,0.000000000000000000e+00,0.000000000000000000e+00,0.000000000000000000e+00,0.000000000000000000e+00,0.000000000000000000e+00,0.000000000000000000e+00,0.000000000000000000e+00,0.000000000000000000e+00
4.000000000000000000e+01,1.100000000000000000e+01,-8.548287973902915837e+00,1.500000000000000000e+00,8.350000000000000000e+01,9.402735901025485177e-01,0.000000000000000000e+00,1.805494993198524689e+00,8.332962404103906096e+00,0.000000000000000000e+00,0.000000000000000000e+00,0.000000000000000000e+00,7.313272268401551202e+00,0.000000000000000000e+00,0.000000000000000000e+00,0.000000000000000000e+00,0.000000000000000000e+00,0.000000000000000000e+00,0.000000000000000000e+00,0.000000000000000000e+00,0.000000000000000000e+00
4.100000000000000000e+01,1.000000000000000000e+01,-1.063702883670481469e+01,1.583333333333333259e+00,7.909999999999999432e+01,8.422277465355441084e-01,0.000000000000000000e+00,2.630505872633965403e+00,6.337320408149102136e+00,0.000000000000000000e+00,0.000000000000000000e+00,0.000000000000000000e+00,5.047658840555588000e+00,0.000000000000000000e+00,0.000000000000000000e+00,0.000000000000000000e+00,0.000000000000000000e+00,0.000000000000000000e+00,0.000000000000000000e+00,0.000000000000000000e+00,0.000000000000000000e+00
4.200000000000000000e+01,9.000000000000000000e+00,-1.011855582406963094e+01,1.694444444444444198e+00,7.629999999999999716e+01,2.968079603763431606e-01,0.000000000000000000e+00,3.055074729548058698e+00,5.031811287915155972e+00,0.000000000000000000e+00,0.000000000000000000e+00,0.000000000000000000e+00,3.787029868339631733e+00,0.000000000000000000e+00,0.000000000000000000e+00,0.000000000000000000e+00,0.000000000000000000e+00,0.000000000000000000e+00,0.000000000000000000e+00,0.000000000000000000e+00,0.000000000000000000e+00
4.300000000000000000e+01,8.000000000000000000e+00,-1.190913874094951552e+01,1.750000000000000000e+00,7.509999999999999432e+01,0.000000000000000000e+00,0.000000000000000000e+00,2.909738480117709969e+00,3.847935886159437047e+00,0.000000000000000000e+00,0.000000000000000000e+00,5.385516591839750733e-01,2.967353368784033663e+00,0.000000000000000000e+00,0.000000000000000000e+00,0.000000000000000000e+00,0.000000000000000000e+00,0.000000000000000000e+00,0.000000000000000000e+00,0.000000000000000000e+00,0.000000000000000000e+00
4.400000000000000000e+01,8.000000000000000000e+00,-1.210612855001784283e+01,1.555555555555555358e+00,7.529999999999999716e+01,0.000000000000000000e+00,0.000000000000000000e+00,2.295564305641708547e+00,2.939329048343959805e+00,0.000000000000000000e+00,0.000000000000000000e+00,1.388828828226027712e+00,2.602596656679489584e+00,0.000000000000000000e+00,0.000000000000000000e+00,0.000000000000000000e+00,0.000000000000000000e+00,0.000000000000000000e+00,0.000000000000000000e+00,0.000000000000000000e+00,0.000000000000000000e+00
4.500000000000000000e+01,7.000000000000000000e+00,-1.366814711659924342e+01,1.416666666666666519e+00,7.570000000000000284e+01,0.000000000000000000e+00,0.000000000000000000e+00,1.387502298461547046e+00,2.344555945726675805e+00,0.000000000000000000e+00,0.000000000000000000e+00,1.950188854441777142e+00,2.553519634114270076e+00,0.000000000000000000e+00,0.000000000000000000e+00,0.000000000000000000e+00,0.000000000000000000e+00,0.000000000000000000e+00,0.000000000000000000e+00,0.000000000000000000e+00,0.000000000000000000e+00
4.600000000000000000e+01,7.000000000000000000e+00,-1.292766901821903502e+01,1.500000000000000000e+00,7.570000000000000284e+01,0.000000000000000000e+00,0.000000000000000000e+00,4.864672342423467244e-01,1.982981722208574826e+00,0.000000000000000000e+00,0.000000000000000000e+00,1.958395987243007008e+00,2.529608717294586473e+00,2.250000000000000000e+00,2.250000000000000000e+00,2.250000000000000000e+00,2.946364370160685198e+00,2.250000000000000000e+00,0.000000000000000000e+00,2.250000000000000000e+00,2.946364370160685198e+00
4.700000000000000000e+01,7.000000000000000000e+00,-1.782323110555424250e+01,1.444444444444444420e+00,7.490000000000000568e+01,0.000000000000000000e+00,8.288952010834273187e-02,0.000000000000000000e+00,1.870998960679682854e+00,8.288952010834273187e-02,0.000000000000000000e+00,1.599298447270709689e+00,2.495709465113890246e+00,1.387500000000000000e+01,1.387500000000000000e+01,1.387500000000000000e+01,1.213408907459828789e+01,1.387500000000000000e+01,0.000000000000000000e+00,1.387500000000000000e+01,1.213408907459828789e+01
4.800000000000000000e+01,7.000000000000000000e+00,-4.103564172120584885e+01,1.333333333333333259e+00,7.209999999999999432e+01,0.000000000000000000e+00,3.039727963746850503e-01,0.000000000000000000e+00,1.859870080494374633e+00,3.039727963746850503e-01,0.000000000000000000e+00,1.073890805604669874e+00,2.371564304044897487e+00,7.874999999999999112e+00,7.874999999999999112e+00,7.874999999999999112e+00,5.631741133128059795e-01,7.874999999999999112e+00,0.000000000000000000e+00,7.874999999999999112e+00,5.631741133128059795e-01
4.900000000000000000e+01,8.000000000000000000e+00,-4.410321342861112726e+01,1.250000000000000000e+00,6.770000000000000284e+01,0.000000000000000000e+00,2.436610697521336966e-01,0.000000000000000000e+00,1.693047956814831556e+00,2.436610697521336966e-01,0.000000000000000000e+00,5.007412382030744791e-01,1.969495030698756644e+00,1.012499999999999822e+01,1.012499999999999822e+01,1.012499999999999822e+01,7.240810028307506085e-01,1.012499999999999822e+01,0.000000000000000000e+00,1.012499999999999822e+01,7.240810028307506085e-01
5.000000000000000000e+01,8.000000000000000000e+00,-3.604241658203696375e+01,1.222222222222222321e+00,6.360000000000000142e+01,0.000000000000000000e+00,6.408095205156044694e-02,0.000000000000000000e+00,1.458074302843244352e+00,6.408095205156044694e-02,0.000000000000000000e+00,9.299631620713030844e-02,1.516407747970617947e+00,1.737499999999999645e+01,1.737499999999999645e+01,1.737499999999999645e+01,1.242558757944127512e+00,1.737499999999999645e+01,0.000000000000000000e+00,1.737499999999999645e+01,1.242558757944127512e+00
5.100000000000000000e+01,9.000000000000000000e+00,-1.440890440133995298e+01,1.222222222222222321e+00,6.020000000000000284e+01,1.453859834034545717e-01,0.000000000000000000e+00,1.335052307954060768e-01,1.242616733692170738e+00,0.000000000000000000e+00,0.000000000000000000e+00,0.000000000000000000e+00,1.139045507121162926e+00,7.225000000000000000e+01,7.225000000000000000e+01,7.225000000000000000e+01,6.737544940887519829e+01,7.225000000000000000e+01,0.000000000000000000e+00,7.225000000000000000e+01,6.737544940887519829e+01
5.200000000000000000e+01,9.000000000000000000e+00,-1.092389298010317589e+01,1.250000000000000000e+00,5.710000000000000142e+01,2.541234522955936326e-01,0.000000000000000000e+00,3.105980691527416293e-01,1.066285211803982058e+00,0.000000000000000000e+00,0.000000000000000000e+00,0.000000000000000000e+00,8.565658026950784265e-01,1.678750000000000000e+02,1.678750000000000000e+02,1.678750000000000000e+02,2.589826717626896766e+02,1.678750000000000000e+02,0.000000000000000000e+00,1.678750000000000000e+02,2.589826717626896766e+02
5.300000000000000000e+01,1.000000000000000000e+01,-8.701037751867374936e+00,1.222222222222222321e+00,5.479999999999999716e+01,2.510438752293726594e-01,0.000000000000000000e+00,4.341128319103762512e-01,8.551138344146289594e-01,0.000000000000000000e+00,0.000000000000000000e+00,0.000000000000000000e+00,6.006686710714143063e-01,3.167500000000000000e+02,3.167500000000000000e+02,3.167500000000000000e+02,5.741726955027332906e+02,3.167500000000000000e+02,0.000000000000000000e+00,3.167500000000000000e+02,5.741726955027332906e+02
5.400000000000000000e+01,1.000000000000000000e+01,-1.278274776118860245e+01,1.166666666666666741e+00,5.350000000000000000e+01,1.565654039279080201e-01,0.000000000000000000e+00,4.759789153284137431e-01,6.306127414158516631e-01,0.000000000000000000e+00,0.000000000000000000e+00,0.000000000000000000e+00,3.957061266840348202e-01,4.372500000000000000e+02,4.372500000000000000e+02,4.372500000000000000e+02,8.306958691407870674e+02,4.372500000000000000e+02,0.000000000000000000e+00,4.372500000000000000e+02,8.306958691407870674e+02
5.500000000000000000e+01,9.000000000000000000e+00,-1.426514551197294622e+01,1.111111111111111160e+00,5.300000000000000000e+01,4.693153068579264051e-03,0.000000000000000000e+00,2.489117221048179340e-01,2.478612567468348737e-01,0.000000000000000000e+00,0.000000000000000000e+00,0.000000000000000000e+00,1.536805631687028495e-01,3.795000000000000000e+02,3.795000000000000000e+02,3.795000000000000000e+02,7.216470272056166095e+02,3.795000000000000000e+02,0.000000000000000000e+00,3.795000000000000000e+02,7.216470272056166095e+02
5.600000000000000000e+01,8.000000000000000000e+00,-1.521292439473154445e+01,1.000000000000000000e+00,5.770000000000000284e+01,0.000000000000000000e+00,0.000000000000000000e+00,0.000000000000000000e+00,0.000000000000000000e+00,0.000000000000000000e+00,0.000000000000000000e+00,0.000000000000000000e+00,0.000000000000000000e+00,2.073750000000000000e+02,2.073750000000000000e+02,2.073750000000000000e+02,3.945809548448641522e+02,2.073750000000000000e+02,0.000000000000000000e+00,2.073750000000000000e+02,3.945809548448641522e+02
5.700000000000000000e+01,6.000000000000000000e+00,-1.722714116945118690e+01,8.888888888888889506e-01,6.590000000000000568e+01,0.000000000000000000e+00,0.000000000000000000e+00,0.000000000000000000e+00,0.000000000000000000e+00,0.000000000000000000e+00,0.000000000000000000e+00,0.000000000000000000e+00,0.000000000000000000e+00,0.000000000000000000e+00,0.000000000000000000e+00,0.000000000000000000e+00,0.000000000000000000e+00,0.000000000000000000e+00,0.000000000000000000e+00,0.000000000000000000e+00,0.000000000000000000e+00
5.800000000000000000e+01,5.000000000000000000e+00,-1.802494710681963852e+01,8.611111111111111605e-01,7.209999999999999432e+01,0.000000000000000000e+00,0.000000000000000000e+00,4.380614805413152527e-03,5.130760977622823849e-02,0.000000000000000000e+00,0.000000000000000000e+00,8.436691697722907557e-02,8.101194968744257485e-02,0.000000000000000000e+00,0.000000000000000000e+00,0.000000000000000000e+00,0.000000000000000000e+00,0.000000000000000000e+00,0.000000000000000000e+00,0.000000000000000000e+00,0.000000000000000000e+00
5.900000000000000000e+01,4.000000000000000000e+00,-1.894216822094213626e+01,8.333333333333332593e-01,7.709999999999999432e+01,0.000000000000000000e+00,3.954424225833028800e-02,0.000000000000000000e+00,1.103074638629248094e-01,3.954424225833028800e-02,0.000000000000000000e+00,1.425260034927296471e-01,1.779224969455953098e-01,0.000000000000000000e+00,0.000000000000000000e+00,0.000000000000000000e+00,0.000000000000000000e+00,0.000000000000000000e+00,0.000000000000000000e+00,0.000000000000000000e+00,0.000000000000000000e+00
6.000000000000000000e+01,3.000000000000000000e+00,-2.002656910928342882e+01,7.777777777777776791e-01,8.040000000000000568e+01,0.000000000000000000e+00,5.526292732809787861e-02,0.000000000000000000e+00,1.296754734648404017e-01,5.526292732809787861e-02,0.000000000000000000e+00,1.038145143913346974e-01,1.887517186810547531e-01,0.000000000000000000e+00,0.000000000000000000e+00,0.000000000000000000e+00,0.000000000000000000e+00,0.000000000000000000e+00,0.000000000000000000e+00,0.000000000000000000e+00,0.000000000000000000e+00
6.100000000000000000e+01,2.000000000000000000e+00,-2.108918271534435007e+01,6.944444444444444198e-01,8.390000000000000568e+01,3.174115906141301846e-02,0.000000000000000000e+00,2.443572418496949353e-02,0.000000000000000000e+00,0.000000000000000000e+00,0.000000000000000000e+00,0.000000000000000000e+00,0.000000000000000000e+00,0.000000000000000000e+00,0.000000000000000000e+00,0.000000000000000000e+00,0.000000000000000000e+00,0.000000000000000000e+00,0.000000000000000000e+00,0.000000000000000000e+00,0.000000000000000000e+00
6.200000000000000000e+01,2.000000000000000000e+00,-2.142949258546045144e+01,6.388888888888888395e-01,8.600000000000000000e+01,3.969523794480428469e-02,0.000000000000000000e+00,4.087855947907849397e-02,0.000000000000000000e+00,0.000000000000000000e+00,0.000000000000000000e+00,0.000000000000000000e+00,0.000000000000000000e+00,0.000000000000000000e+00,0.000000000000000000e+00,0.000000000000000000e+00,0.000000000000000000e+00,0.000000000000000000e+00,0.000000000000000000e+00,0.000000000000000000e+00,0.000000000000000000e+00
6.300000000000000000e+01,2.000000000000000000e+00,-2.130014504123866459e+01,6.111111111111111605e-01,8.690000000000000568e+01,0.000000000000000000e+00,1.401882849754998439e-02,0.000000000000000000e+00,0.000000000000000000e+00,1.401882849754998439e-02,0.000000000000000000e+00,1.026790891097504287e-02,0.000000000000000000e+00,0.000000000000000000e+00,0.000000000000000000e+00,0.000000000000000000e+00,0.000000000000000000e+00,0.000000000000000000e+00,0.000000000000000000e+00,0.000000000000000000e+00,0.000000000000000000e+00
6.400000000000000000e+01,1.000000000000000000e+00,-2.211135923984508622e+01,5.833333333333333703e-01,8.779999999999999716e+01,0.000000000000000000e+00,1.726586672286720414e-01,0.000000000000000000e+00,0.000000000000000000e+00,1.726586672286720414e-01,0.000000000000000000e+00,9.103168945525355604e-02,0.000000000000000000e+00,0.000000000000000000e+00,0.000000000000000000e+00,0.000000000000000000e+00,0.000000000000000000e+00,0.000000000000000000e+00,0.000000000000000000e+00,0.000000000000000000e+00,0.000000000000000000e+00
6.500000000000000000e+01,1.000000000000000000e+00,-2.196594790249656626e+01,5.833333333333333703e-01,8.809999999999999432e+01,0.000000000000000000e+00,4.976336323962289310e-01,0.000000000000000000e+00,0.000000000000000000e+00,4.976336323962289310e-01,0.000000000000000000e+00,1.620629368494692912e-01,0.000000000000000000e+00,0.000000000000000000e+00,0.000000000000000000e+00,0.000000000000000000e+00,0.000000000000000000e+00,0.000000000000000000e+00,0.000000000000000000e+00,0.000000000000000000e+00,0.000000000000000000e+00
6.600000000000000000e+01,0.000000000000000000e+00,-2.222583962936630542e+01,5.277777777777777901e-01,8.800000000000000000e+01,0.000000000000000000e+00,9.468324150817525320e-01,0.000000000000000000e+00,0.000000000000000000e+00,9.468324150817525320e-01,0.000000000000000000e+00,9.640483733275276301e-02,0.000000000000000000e+00,0.000000000000000000e+00,0.000000000000000000e+00,0.000000000000000000e+00,0.000000000000000000e+00,0.000000000000000000e+00,0.000000000000000000e+00,0.000000000000000000e+00,0.000000000000000000e+00
6.700000000000000000e+01,-1.000000000000000000e+00,-2.344446715553587524e+01,4.444444444444444753e-01,8.800000000000000000e+01,2.912713751954035257e-01,1.604539369005791860e+00,0.000000000000000000e+00,0.000000000000000000e+00,1.604539369005791860e+00,0.000000000000000000e+00,0.000000000000000000e+00,0.000000000000000000e+00,0.000000000000000000e+00,0.000000000000000000e+00,0.000000000000000000e+00,0.000000000000000000e+00,0.000000000000000000e+00,0.000000000000000000e+00,0.000000000000000000e+00,0.000000000000000000e+00
6.800000000000000000e+01,-1.000000000000000000e+00,-2.343818705880815401e+01,4.166666666666666297e-01,8.990000000000000568e+01,1.076134206743722510e+00,1.781614880325925521e+00,0.000000000000000000e+00,0.000000000000000000e+00,1.781614880325925521e+00,0.000000000000000000e+00,0.000000000000000000e+00,0.000000000000000000e+00,0.000000000000000000e+00,0.000000000000000000e+00,0.000000000000000000e+00,0.000000000000000000e+00,0.000000000000000000e+00,0.000000000000000000e+00,0.000000000000000000e+00,0.000000000000000000e+00
6.900000000000000000e+01,-2.000000000000000000e+00,-2.471728560532559982e+01,3.611111111111111049e-01,9.120000000000000284e+01,1.774577036187757528e+00,1.254662110182996670e+00,0.000000000000000000e+00,0.000000000000000000e+00,1.254662110182996670e+00,0.000000000000000000e+00,0.000000000000000000e+00,0.000000000000000000e+00,0.000000000000000000e+00,0.000000000000000000e+00,0.000000000000000000e+00,0.000000000000000000e+00,0.000000000000000000e+00,0.000000000000000000e+00,0.000000000000000000e+00,0.000000000000000000e+00
7.000000000000000000e+01,-2.000000000000000000e+00,-2.503608401858468824e+01,3.611111111111111049e-01,9.050000000000000000e+01,2.041998125565964273e+00,4.953590418589620126e-01,0.000000000000000000e+00,0.000000000000000000e+00,4.953590418589620126e-01,0.000000000000000000e+00,0.000000000000000000e+00,0.000000000000000000e+00,2.250000000000000000e+01,2.250000000000000000e+01,2.250000000000000000e+01,4.246244527793963641e+01,2.250000000000000000e+01,0.000000000000000000e+00,2.250000000000000000e+01,4.246244527793963641e+01
7.100000000000000000e+01,0.000000000000000000e+00,-2.334865390245161620e+01,3.611111111111111049e-01,8.800000000000000000e+01,1.360719390289976571e+00,0.000000000000000000e+00,7.915457734357454755e-02,0.000000000000000000e+00,0.000000000000000000e+00,0.000000000000000000e+00,0.000000000000000000e+00,0.000000000000000000e+00,2.431250000000000000e+02,2.431250000000000000e+02,2.431250000000000000e+02,4.584176511080118530e+02,2.431250000000000000e+02,0.000000000000000000e+00,2.431250000000000000e+02,4.584176511080118530e+02
7.200000000000000000e+01,2.000000000000000000e+00,-1.994905989017721026e+01,3.333333333333333148e-01,8.170000000000000284e+01,4.498545920336305959e-01,0.000000000000000000e+00,1.304259176167344714e-01,0.000000000000000000e+00,0.000000000000000000e+00,0.000000000000000000e+00,0.000000000000000000e+00,0.000000000000000000e+00,2.895000000000000000e+02,2.895000000000000000e+02,2.895000000000000000e+02,5.369414728637634653e+02,2.895000000000000000e+02,0.000000000000000000e+00,2.895000000000000000e+02,5.369414728637634653e+02
7.300000000000000000e+01,5.000000000000000000e+00,-1.710550285828327333e+01,3.333333333333333148e-01,7.020000000000000284e+01,5.047543371369274390e-02,0.000000000000000000e+00,2.494997875489507119e-02,0.000000000000000000e+00,0.000000000000000000e+00,0.000000000000000000e+00,0.000000000000000000e+00,0.000000000000000000e+00,4.318750000000000000e+02,4.318750000000000000e+02,4.318750000000000000e+02,8.173126788839392702e+02,4.318750000000000000e+02,0.000000000000000000e+00,4.318750000000000000e+02,8.173126788839392702e+02
7.400000000000000000e+01,8.000000000000000000e+00,-1.508163543630007553e+01,3.055555555555555802e-01,5.900000000000000000e+01,6.015764245837741490e-03,0.000000000000000000e+00,4.200061243882564910e-03,0.000000000000000000e+00,0.000000000000000000e+00,0.000000000000000000e+00,0.000000000000000000e+00,0.000000000000000000e+00,4.690000000000000000e+02,4.690000000000000000e+02,4.690000000000000000e+02,8.896040795770537670e+02,4.690000000000000000e+02,0.000000000000000000e+00,4.690000000000000000e+02,8.896040795770537670e+02
7.500000000000000000e+01,9.000000000000000000e+00,-1.155018271540325259e+01,2.777777777777777901e-01,5.150000000000000000e+01,0.000000000000000000e+00,2.031085214601893729e-02,0.000000000000000000e+00,0.000000000000000000e+00,2.031085214601893729e-02,0.000000000000000000e+00,2.184165411767300183e-02,0.000000000000000000e+00,4.765000000000000000e+02,4.765000000000000000e+02,4.765000000000000000e+02,9.031392374517797634e+02,4.765000000000000000e+02,0.000000000000000000e+00,4.765000000000000000e+02,9.031392374517797634e+02
7.600000000000000000e+01,1.100000000000000000e+01,-1.214304287880230504e+01,3.055555555555555802e-01,4.579999999999999716e+01,0.000000000000000000e+00,1.127495038835823610e-01,0.000000000000000000e+00,0.000000000000000000e+00,1.127495038835823610e-01,0.000000000000000000e+00,9.100597008570517066e-02,0.000000000000000000e+00,4.762500000000000000e+02,4.762500000000000000e+02,4.762500000000000000e+02,9.031213589085000422e+02,4.762500000000000000e+02,0.000000000000000000e+00,4.762500000000000000e+02,9.031213589085000422e+02
7.700000000000000000e+01,1.200000000000000000e+01,-1.116234552040896233e+01,3.333333333333333148e-01,4.139999999999999858e+01,0.000000000000000000e+00,3.857242923224076803e-01,0.000000000000000000e+00,0.000000000000000000e+00,3.857242923224076803e-01,0.000000000000000000e+00,2.193288707292574413e-01,0.000000000000000000e+00,4.633750000000000000e+02,4.633750000000000000e+02,4.633750000000000000e+02,8.789884682575689112e+02,4.633750000000000000e+02,0.000000000000000000e+00,4.633750000000000000e+02,8.789884682575689112e+02
7.800000000000000000e+01,1.200000000000000000e+01,-7.032363699286293013e+00,3.055555555555555802e-01,3.929999999999999716e+01,0.000000000000000000e+00,8.151929177610750532e-01,0.000000000000000000e+00,0.000000000000000000e+00,8.151929177610750532e-01,0.000000000000000000e+00,2.607957974661318512e-01,0.000000000000000000e+00,4.288750000000000000e+02,4.288750000000000000e+02,4.288750000000000000e+02,8.133841930570582690e+02,4.288750000000000000e+02,0.000000000000000000e+00,4.288750000000000000e+02,8.133841930570582690e+02
7.900000000000000000e+01,1.200000000000000000e+01,-6.780819687318626166e+00,2.500000000000000000e-01,4.310000000000000142e+01,0.000000000000000000e+00,8.271521945772147832e-02,0.000000000000000000e+00,0.000000000000000000e+00,8.271521945772147832e-02,0.000000000000000000e+00,8.434045040643340730e-04,0.000000000000000000e+00,1.073750000000000000e+02,1.073750000000000000e+02,1.073750000000000000e+02,1.775917406578690816e+02,1.073750000000000000e+02,0.000000000000000000e+00,1.073750000000000000e+02,1.775917406578690816e+02
8.000000000000000000e+01,1.200000000000000000e+01,-5.941876392782319272e+00,2.500000000000000000e-01,4.500000000000000000e+01,0.000000000000000000e+00,0.000000000000000000e+00,0.000000000000000000e+00,0.000000000000000000e+00,0.000000000000000000e+00,0.000000000000000000e+00,0.000000000000000000e+00,0.000000000000000000e+00,8.587500000000000000e+01,8.587500000000000000e+01,8.587500000000000000e+01,1.565559835713095538e+02,8.587500000000000000e+01,0.000000000000000000e+00,8.587500000000000000e+01,1.565559835713095538e+02
8.100000000000000000e+01,1.000000000000000000e+01,-8.679201642217719836e+00,3.611111111111111049e-01,4.720000000000000284e+01,3.058053600663566129e-01,1.850744251424121245e-01,0.000000000000000000e+00,0.000000000000000000e+00,1.850744251424121245e-01,0.000000000000000000e+00,0.000000000000000000e+00,0.000000000000000000e+00,0.000000000000000000e+00,0.000000000000000000e+00,0.000000000000000000e+00,0.000000000000000000e+00,0.000000000000000000e+00,0.000000000000000000e+00,0.000000000000000000e+00,0.000000000000000000e+00
8.200000000000000000e+01,9.000000000000000000e+00,-1.017789861751066383e+01,4.444444444444444753e-01,5.789999999999999858e+01,0.000000000000000000e+00,0.000000000000000000e+00,3.387140591429550068e-02,3.636704352312413735e-01,0.000000000000000000e+00,0.000000000000000000e+00,5.881051874085175823e-01,5.694950350535723516e-01,0.000000000000000000e+00,0.000000000000000000e+00,0.000000000000000000e+00,0.000000000000000000e+00,0.000000000000000000e+00,0.000000000000000000e+00,0.000000000000000000e+00,0.000000000000000000e+00
8.300000000000000000e+01,7.000000000000000000e+00,-1.460406375010802549e+01,4.722222222222222099e-01,6.700000000000000000e+01,0.000000000000000000e+00,2.114432459581886414e-01,0.000000000000000000e+00,6.128762945347462354e-01,2.114432459581886414e-01,0.000000000000000000e+00,7.815267432435880623e-01,9.816334101909502952e-01,0.000000000000000000e+00,0.000000000000000000e+00,0.000000000000000000e+00,0.000000000000000000e+00,0.000000000000000000e+00,0.000000000000000000e+00,0.000000000000000000e+00,0.000000000000000000e+00
8.400000000000000000e+01,6.000000000000000000e+00,-1.464343242857859195e+01,4.722222222222222099e-01,6.929999999999999716e+01,0.000000000000000000e+00,2.171176263648139371e-01,0.000000000000000000e+00,5.222025851251221873e-01,2.171176263648139371e-01,0.000000000000000000e+00,4.139024799850022918e-01,7.565431562089325324e-01,0.000000000000000000e+00,0.000000000000000000e+00,0.000000000000000000e+00,0.000000000000000000e+00,0.000000000000000000e+00,0.000000000000000000e+00,0.000000000000000000e+00,0.000000000000000000e+00
8.500000000000000000e+01,5.000000000000000000e+00,-1.619810921675400550e+01,4.722222222222222099e-01,6.990000000000000568e+01,0.000000000000000000e+00,2.401157004285993032e-02,0.000000000000000000e+00,7.631998195917043259e-02,2.401157004285993032e-02,0.000000000000000000e+00,3.155610385657253714e-02,9.695602874176395547e-02,0.000000000000000000e+00,0.000000000000000000e+00,0.000000000000000000e+00,0.000000000000000000e+00,0.000000000000000000e+00,0.000000000000000000e+00,0.000000000000000000e+00,0.000000000000000000e+00
8.600000000000000000e+01,4.000000000000000000e+00,-1.958689421868572822e+01,5.000000000000000000e-01,7.050000000000000000e+01,6.502604369520434413e-02,0.000000000000000000e+00,6.625582839786783862e-02,0.000000000000000000e+00,0.000000000000000000e+00,0.000000000000000000e+00,0.000000000000000000e+00,0.000000000000000000e+00,0.000000000000000000e+00,0.000000000000000000e+00,0.000000000000000000e+00,0.000000000000000000e+00,0.000000000000000000e+00,0.000000000000000000e+00,0.000000000000000000e+00,0.000000000000000000e+00
8.700000000000000000e+01,4.000000000000000000e+00,-1.959652365295895038e+01,5.833333333333333703e-01,7.040000000000000568e+01,0.000000000000000000e+00,3.750011323159813809e-02,0.000000000000000000e+00,0.000000000000000000e+00,3.750011323159813809e-02,0.000000000000000000e+00,2.776414787538037179e-02,0.000000000000000000e+00,0.000000000000000000e+00,0.000000000000000000e+00,0.000000000000000000e+00,0.000000000000000000e+00,0.000000000000000000e+00,0.000000000000000000e+00,0.000000000000000000e+00,0.000000000000000000e+00
8.800000000000000000e+01,3.000000000000000000e+00,-2.088230701846327975e+01,6.944444444444444198e-01,7.150000000000000000e+01,0.000000000000000000e+00,4.165472485051313623e-01,0.000000000000000000e+00,0.000000000000000000e+00,4.165472485051313623e-01,0.000000000000000000e+00,2.223261364885659175e-01,0.000000000000000000e+00,0.000000000000000000e+00,0.000000000000000000e+00,0.000000000000000000e+00,0.000000000000000000e+00,0.000000000000000000e+00,0.000000000000000000e+00,0.000000000000000000e+00,0.000000000000000000e+00
8.900000000000000000e+01,2.000000000000000000e+00,-2.205721387987298954e+01,7.222222222222222099e-01,7.370000000000000284e+01,0.000000000000000000e+00,9.622371067449070337e-01,0.000000000000000000e+00,0.000000000000000000e+00,9.622371067449070337e-01,0.000000000000000000e+00,3.186908342309303088e-01,0.000000000000000000e+00,0.000000000000000000e+00,0.000000000000000000e+00,0.000000000000000000e+00,0.000000000000000000e+00,0.000000000000000000e+00,0.000000000000000000e+00,0.000000000000000000e+00,0.000000000000000000e+00
9.000000000000000000e+01,1.000000000000000000e+00,-2.320864036364420713e+01,7.500000000000000000e-01,7.609999999999999432e+01,0.000000000000000000e+00,1.430434470116439538e+00,0.000000000000000000e+00,0.000000000000000000e+00,1.430434470116439538e+00,0.000000000000000000e+00,1.523635643454789024e-01,0.000000000000000000e+00,0.000000000000000000e+00,0.000000000000000000e+00,0.000000000000000000e+00,0.000000000000000000e+00,0.000000000000000000e+00,0.000000000000000000e+00,0.000000000000000000e+00,0.000000000000000000e+00
9.100000000000000000e+01,1.000000000000000000e+00,-2.303437235226471103e+01,7.500000000000000000e-01,7.800000000000000000e+01,3.500220207130766981e-01,1.966863984047675373e+00,0.000000000000000000e+00,0.000000000000000000e+00,1.966863984047675373e+00,0.000000000000000000e+00,0.000000000000000000e+00,0.000000000000000000e+00,0.000000000000000000e+00,0.000000000000000000e+00,0.000000000000000000e+00,0.000000000000000000e+00,0.000000000000000000e+00,0.000000000000000000e+00,0.000000000000000000e+00,0.000000000000000000e+00
9.200000000000000000e+01,0.000000000000000000e+00,-2.406567061015661579e+01,6.944444444444444198e-01,8.170000000000000284e+01,1.120945723199080923e+00,1.858683134597263642e+00,0.000000000000000000e+00,0.000000000000000000e+00,1.858683134597263642e+00,0.000000000000000000e+00,0.000000000000000000e+00,0.000000000000000000e+00,0.000000000000000000e+00,0.000000000000000000e+00,0.000000000000000000e+00,0.000000000000000000e+00,0.000000000000000000e+00,0.000000000000000000e+00,0.000000000000000000e+00,0.000000000000000000e+00
9.300000000000000000e+01,-1.000000000000000000e+00,-2.512246693744319259e+01,6.388888888888888395e-01,8.509999999999999432e+01,1.660101171230154105e+00,1.166097287974605878e+00,0.000000000000000000e+00,0.000000000000000000e+00,1.166097287974605878e+00,0.000000000000000000e+00,0.000000000000000000e+00,0.000000000000000000e+00,0.000000000000000000e+00,0.000000000000000000e+00,0.000000000000000000e+00,0.000000000000000000e+00,0.000000000000000000e+00,0.000000000000000000e+00,0.000000000000000000e+00,0.000000000000000000e+00
9.400000000000000000e+01,-1.000000000000000000e+00,-2.506825684140943622e+01,6.666666666666666297e-01,8.570000000000000284e+01,1.842957779708948474e+00,4.361381515133058162e-01,0.000000000000000000e+00,0.000000000000000000e+00,4.361381515133058162e-01,0.000000000000000000e+00,0.000000000000000000e+00,0.000000000000000000e+00,2.187500000000000000e+01,2.187500000000000000e+01,2.187500000000000000e+01,4.148926309285930358e+01,2.187500000000000000e+01,0.000000000000000000e+00,2.187500000000000000e+01,4.148926309285930358e+01
9.500000000000000000e+01,0.000000000000000000e+00,-2.386392222530426466e+01,5.555555555555555802e-01,8.390000000000000568e+01,1.305865535743955252e+00,0.000000000000000000e+00,8.438445114310279271e-02,0.000000000000000000e+00,0.000000000000000000e+00,0.000000000000000000e+00,0.000000000000000000e+00,0.000000000000000000e+00,3.025000000000000000e+02,3.025000000000000000e+02,3.025000000000000000e+02,5.759390760164289986e+02,3.025000000000000000e+02,0.000000000000000000e+00,3.025000000000000000e+02,5.759390760164289986e+02
9.600000000000000000e+01,3.000000000000000000e+00,-2.051138375163128558e+01,3.611111111111111049e-01,7.540000000000000568e+01,3.617491036651803160e-01,0.000000000000000000e+00,1.074052851358157090e-01,0.000000000000000000e+00,0.000000000000000000e+00,0.000000000000000000e+00,0.000000000000000000e+00,0.000000000000000000e+00,4.105000000000000000e+02,4.105000000000000000e+02,4.105000000000000000e+02,7.805016020120440317e+02,4.105000000000000000e+02,0.000000000000000000e+00,4.105000000000000000e+02,7.805016020120440317e+02
9.700000000000000000e+01,8.000000000000000000e+00,-1.515241613672458243e+01,2.500000000000000000e-01,5.829999999999999716e+01,5.086546879277110966e-02,0.000000000000000000e+00,2.554023146590910995e-02,0.000000000000000000e+00,0.000000000000000000e+00,0.000000000000000000e+00,0.000000000000000000e+00,0.000000000000000000e+00,4.555000000000000000e+02,4.555000000000000000e+02,4.555000000000000000e+02,8.654264925679232192e+02,4.555000000000000000e+02,0.000000000000000000e+00,4.555000000000000000e+02,8.654264925679232192e+02
9.800000000000000000e+01,1.100000000000000000e+01,-1.216365184203954186e+01,3.055555555555555802e-01,4.560000000000000142e+01,2.486310740277994716e-02,0.000000000000000000e+00,1.758876159547967735e-02,0.000000000000000000e+00,0.000000000000000000e+00,0.000000000000000000e+00,0.000000000000000000e+00,0.000000000000000000e+00,4.771250000000000000e+02,4.771250000000000000e+02,4.771250000000000000e+02,9.059693912906219566e+02,4.771250000000000000e+02,0.000000000000000000e+00,4.771250000000000000e+02,9.059693912906219566e+02
9.900000000000000000e+01,1.300000000000000000e+01,-1.006607180941585966e+01,3.888888888888888395e-01,3.810000000000000142e+01,0.000000000000000000e+00,1.003935266029629264e-01,0.000000000000000000e+00,0.000000000000000000e+00,1.003935266029629264e-01,0.000000000000000000e+00,1.066033972915338829e-01,0.000000000000000000e+00,4.853750000000000000e+02,4.853750000000000000e+02,4.853750000000000000e+02,9.214151564489490056e+02,4.853750000000000000e+02,0.000000000000000000e+00,4.853750000000000000e+02,9.214151564489490056e+02
1.000000000000000000e+02,1.500000000000000000e+01,-7.866209604677578682e+00,4.166666666666666297e-01,3.150000000000000000e+01,0.000000000000000000e+00,5.908488854287177183e-01,0.000000000000000000e+00,0.000000000000000000e+00,5.908488854287177183e-01,0.000000000000000000e+00,4.704344471523996263e-01,0.000000000000000000e+00,4.827500000000000000e+02,4.827500000000000000e+02,4.827500000000000000e+02,9.165850026101069261e+02,4.827500000000000000e+02,0.000000000000000000e+00,4.827500000000000000e+02,9.165850026101069261e+02
1.010000000000000000e+02,1.500000000000000000e+01,-8.248379488648026836e+00,4.166666666666666297e-01,2.789999999999999858e+01,0.000000000000000000e+00,1.493928072138233309e+00,0.000000000000000000e+00,0.000000000000000000e+00,1.493928072138233309e+00,0.000000000000000000e+00,8.350987387440799159e-01,0.000000000000000000e+00,4.688750000000000000e+02,4.688750000000000000e+02,4.688750000000000000e+02,8.905236261322947939e+02,4.688750000000000000e+02,0.000000000000000000e+00,4.688750000000000000e+02,8.905236261322947939e+02
1.020000000000000000e+02,1.600000000000000000e+01,-6.999148659214824875e+00,4.166666666666666297e-01,2.600000000000000000e+01,0.000000000000000000e+00,2.375106553102189544e+00,0.000000000000000000e+00,0.000000000000000000e+00,2.375106553102189544e+00,0.000000000000000000e+00,7.385492190725427841e-01,0.000000000000000000e+00,4.397500000000000000e+02,4.397500000000000000e+02,4.397500000000000000e+02,8.355170837079894000e+02,4.397500000000000000e+02,0.000000000000000000e+00,4.397500000000000000e+02,8.355170837079894000e+02
1.030000000000000000e+02,1.600000000000000000e+01,-6.589341930718774165e+00,3.333333333333333148e-01,2.980000000000000071e+01,0.000000000000000000e+00,1.319198062436627517e+00,0.000000000000000000e+00,0.000000000000000000e+00,1.319198062436627517e+00,0.000000000000000000e+00,2.091683974808967918e-03,0.000000000000000000e+00,3.805000000000000000e+02,3.805000000000000000e+02,3.805000000000000000e+02,7.235755130324976108e+02,3.805000000000000000e+02,0.000000000000000000e+00,3.805000000000000000e+02,7.235755130324976108e+02
1.040000000000000000e+02,1.400000000000000000e+01,-8.669426163640252980e+00,3.888888888888888395e-01,3.760000000000000142e+01,1.938225514078536493e-01,3.982727832686814295e-01,0.000000000000000000e+00,0.000000000000000000e+00,3.982727832686814295e-01,0.000000000000000000e+00,0.000000000000000000e+00,0.000000000000000000e+00,1.967500000000000000e+02,1.967500000000000000e+02,1.967500000000000000e+02,3.743229143909747449e+02,1.967500000000000000e+02,0.000000000000000000e+00,1.967500000000000000e+02,3.743229143909747449e+02
1.050000000000000000e+02,1.000000000000000000e+01,-1.361025907403080737e+01,5.277777777777777901e-01,4.539999999999999858e+01,9.899039743526674151e-01,6.003213291106294092e-01,0.000000000000000000e+00,0.000000000000000000e+00,6.003213291106294092e-01,0.000000000000000000e+00,0.000000000000000000e+00,0.000000000000000000e+00,0.000000000000000000e+00,0.000000000000000000e+00,0.000000000000000000e+00,0.000000000000000000e+00,0.000000000000000000e+00,0.000000000000000000e+00,0.000000000000000000e+00,0.000000000000000000e+00
1.060000000000000000e+02,8.000000000000000000e+00,-1.572119955474596509e+01,5.000000000000000000e-01,5.260000000000000142e+01,1.003864261106425460e+00,6.337878451575724992e-02,0.000000000000000000e+00,0.000000000000000000e+00,6.337878451575724992e-02,0.000000000000000000e+00,0.000000000000000000e+00,0.000000000000000000e+00,0.000000000000000000e+00,0.000000000000000000e+00,0.000000000000000000e+00,0.000000000000000000e+00,0.000000000000000000e+00,0.000000000000000000e+00,0.000000000000000000e+00,0.000000000000000000e+00
1.070000000000000000e+02,7.000000000000000000e+00,-1.663682751293640649e+01,5.277777777777777901e-01,5.760000000000000142e+01,7.082112932179994713e-01,0.000000000000000000e+00,1.867982488828874577e-01,0.000000000000000000e+00,0.000000000000000000e+00,0.000000000000000000e+00,0.000000000000000000e+00,0.000000000000000000e+00,0.000000000000000000e+00,0.000000000000000000e+00,0.000000000000000000e+00,0.000000000000000000e+00,0.000000000000000000e+00,0.000000000000000000e+00,0.000000000000000000e+00,0.000000000000000000e+00
1.080000000000000000e+02,6.000000000000000000e+00,-1.770854669837603979e+01,6.388888888888888395e-01,6.100000000000000000e+01,6.186934444880282102e-01,0.000000000000000000e+00,3.198043816761459435e-01,0.000000000000000000e+00,0.000000000000000000e+00,0.000000000000000000e+00,0.000000000000000000e+00,0.000000000000000000e+00,0.000000000000000000e+00,0.000000000000000000e+00,0.000000000000000000e+00,0.000000000000000000e+00,0.000000000000000000e+00,0.000000000000000000e+00,0.000000000000000000e+00,0.000000000000000000e+00
1.090000000000000000e+02,5.000000000000000000e+00,-1.884531029958580461e+01,6.666666666666666297e-01,6.370000000000000284e+01,5.645213303008788097e-01,0.000000000000000000e+00,4.245747824368542589e-01,0.000000000000000000e+00,0.000000000000000000e+00,0.000000000000000000e+00,0.000000000000000000e+00,0.000000000000000000e+00,0.000000000000000000e+00,0.000000000000000000e+00,0.000000000000000000e+00,0.000000000000000000e+00,0.000000000000000000e+00,0.000000000000000000e+00,0.000000000000000000e+00,0.000000000000000000e+00
1.100000000000000000e+02,4.000000000000000000e+00,-2.000660758058140232e+01,6.666666666666666297e-01,6.609999999999999432e+01,2.554299386597502219e-01,0.000000000000000000e+00,2.575102893987000763e-01,0.000000000000000000e+00,0.000000000000000000e+00,0.000000000000000000e+00,0.000000000000000000e+00,0.000000000000000000e+00,0.000000000000000000e+00,0.000000000000000000e+00,0.000000000000000000e+00,0.000000000000000000e+00,0.000000000000000000e+00,0.000000000000000000e+00,0.000000000000000000e+00,0.000000000000000000e+00
1.110000000000000000e+02,3.000000000000000000e+00,-2.121898729749216272e+01,6.666666666666666297e-01,6.790000000000000568e+01,0.000000000000000000e+00,7.587717164203129638e-02,0.000000000000000000e+00,0.000000000000000000e+00,7.587717164203129638e-02,0.000000000000000000e+00,5.678486152924803326e-02,0.000000000000000000e+00,0.000000000000000000e+00,0.000000000000000000e+00,0.000000000000000000e+00,0.000000000000000000e+00,0.000000000000000000e+00,0.000000000000000000e+00,0.000000000000000000e+00,0.000000000000000000e+00
1.120000000000000000e+02,3.000000000000000000e+00,-2.106068721304586688e+01,6.388888888888888395e-01,6.959999999999999432e+01,0.000000000000000000e+00,5.566113451552208158e-01,0.000000000000000000e+00,0.000000000000000000e+00,5.566113451552208158e-01,0.000000000000000000e+00,3.007297986391465616e-01,0.000000000000000000e+00,0.000000000000000000e+00,0.000000000000000000e+00,0.000000000000000000e+00,0.000000000000000000e+00,0.000000000000000000e+00,0.000000000000000000e+00,0.000000000000000000e+00,0.000000000000000000e+00
1.130000000000000000e+02,2.000000000000000000e+00,-2.230610730283939347e+01,6.666666666666666297e-01,7.100000000000000000e+01,0.000000000000000000e+00,1.181659693361945873e+00,0.000000000000000000e+00,0.000000000000000000e+00,1.181659693361945873e+00,0.000000000000000000e+00,3.979471314840939966e-01,0.000000000000000000e+00,0.000000000000000000e+00,0.000000000000000000e+00,0.000000000000000000e+00,0.000000000000000000e+00,0.000000000000000000e+00,0.000000000000000000e+00,0.000000000000000000e+00,0.000000000000000000e+00
1.140000000000000000e+02,1.000000000000000000e+00,-2.348964995973582859e+01,7.222222222222222099e-01,7.300000000000000000e+01,0.000000000000000000e+00,1.860755271341084649e+00,0.000000000000000000e+00,0.000000000000000000e+00,1.860755271341084649e+00,0.000000000000000000e+00,2.070003765816598174e-01,0.000000000000000000e+00,0.000000000000000000e+00,0.000000000000000000e+00,0.000000000000000000e+00,0.000000000000000000e+00,0.000000000000000000e+00,0.000000000000000000e+00,0.000000000000000000e+00,0.000000000000000000e+00
1.150000000000000000e+02,1.000000000000000000e+00,-2.329974025684384742e+01,7.222222222222222099e-01,7.509999999999999432e+01,3.946542322003573910e-01,2.263261950941922063e+00,0.000000000000000000e+00,0.000000000000000000e+00,2.263261950941922063e+00,0.000000000000000000e+00,0.000000000000000000e+00,0.000000000000000000e+00,0.000000000000000000e+00,0.000000000000000000e+00,0.000000000000000000e+00,0.000000000000000000e+00,0.000000000000000000e+00,0.000000000000000000e+00,0.000000000000000000e+00,0.000000000000000000e+00
1.160000000000000000e+02,0.000000000000000000e+00,-2.438238161013183003e+01,7.222222222222222099e-01,7.820000000000000284e+01,1.367193379386968610e+00,2.270343205437405754e+00,0.000000000000000000e+00,0.000000000000000000e+00,2.270343205437405754e+00,0.000000000000000000e+00,0.000000000000000000e+00,0.000000000000000000e+00,0.000000000000000000e+00,0.000000000000000000e+00,0.000000000000000000e+00,0.000000000000000000e+00,0.000000000000000000e+00,0.000000000000000000e+00,0.000000000000000000e+00,0.000000000000000000e+00
1.170000000000000000e+02,-1.000000000000000000e+00,-2.551529622827558796e+01,7.222222222222222099e-01,8.070000000000000284e+01,2.315738507327699924e+00,1.615660895105670347e+00,0.000000000000000000e+00,0.000000000000000000e+00,1.615660895105670347e+00,0.000000000000000000e+00,0.000000000000000000e+00,0.000000000000000000e+00,0.000000000000000000e+00,0.000000000000000000e+00,0.000000000000000000e+00,0.000000000000000000e+00,0.000000000000000000e+00,0.000000000000000000e+00,0.000000000000000000e+00,0.000000000000000000e+00
1.180000000000000000e+02,-1.000000000000000000e+00,-2.540898688262018368e+01,7.500000000000000000e-01,8.190000000000000568e+01,2.568606960269315120e+00,5.923188158520275026e-01,0.000000000000000000e+00,0.000000000000000000e+00,5.923188158520275026e-01,0.000000000000000000e+00,0.000000000000000000e+00,0.000000000000000000e+00,1.987500000000000000e+01,1.987500000000000000e+01,1.987500000000000000e+01,3.763229143909747165e+01,1.987500000000000000e+01,0.000000000000000000e+00,1.987500000000000000e+01,3.763229143909747165e+01
1.190000000000000000e+02,0.000000000000000000e+00,-2.420204607441519329e+01,7.500000000000000000e-01,8.020000000000000284e+01,1.875323809013941911e+00,0.000000000000000000e+00,1.334722609366396917e-01,0.000000000000000000e+00,0.000000000000000000e+00,0.000000000000000000e+00,0.000000000000000000e+00,0.000000000000000000e+00,3.063750000000000000e+02,3.063750000000000000e+02,3.063750000000000000e+02,5.836440800523128019e+02,3.063750000000000000e+02,0.000000000000000000e+00,3.063750000000000000e+02,5.836440800523128019e+02
1.200000000000000000e+02,3.000000000000000000e+00,-2.012746710638251102e+01,7.500000000000000000e-01,7.090000000000000568e+01,6.816727605832137993e-01,0.000000000000000000e+00,2.072188434243535382e-01,0.000000000000000000e+00,0.000000000000000000e+00,0.000000000000000000e+00,0.000000000000000000e+00,0.000000000000000000e+00,4.141250000000000000e+02,4.141250000000000000e+02,4.141250000000000000e+02,7.872602416777671124e+02,4.141250000000000000e+02,0.000000000000000000e+00,4.141250000000000000e+02,7.872602416777671124e+02
1.210000000000000000e+02,8.000000000000000000e+00,-1.545346520666026890e+01,8.055555555555554692e-01,5.529999999999999716e+01,1.024882303616922452e-01,0.000000000000000000e+00,5.227329582341414677e-02,0.000000000000000000e+00,0.000000000000000000e+00,0.000000000000000000e+00,0.000000000000000000e+00,0.000000000000000000e+00,4.625000000000000000e+02,4.625000000000000000e+02,4.625000000000000000e+02,8.789258933560896594e+02,4.625000000000000000e+02,0.000000000000000000e+00,4.625000000000000000e+02,8.789258933560896594e+02
1.220000000000000000e+02,1.200000000000000000e+01,-1.114159776837198024e+01,8.333333333333332593e-01,4.160000000000000142e+01,7.053468519139342863e-02,0.000000000000000000e+00,5.056029005751747768e-02,0.000000000000000000e+00,0.000000000000000000e+00,0.000000000000000000e+00,0.000000000000000000e+00,0.000000000000000000e+00,4.835000000000000000e+02,4.835000000000000000e+02,4.835000000000000000e+02,9.184956098937079787e+02,4.835000000000000000e+02,0.000000000000000000e+00,4.835000000000000000e+02,9.184956098937079787e+02
1.230000000000000000e+02,1.400000000000000000e+01,-9.146680133055269835e+00,8.333333333333332593e-01,3.310000000000000142e+01,0.000000000000000000e+00,2.182704988798108425e-01,0.000000000000000000e+00,0.000000000000000000e+00,2.182704988798108425e-01,0.000000000000000000e+00,2.288465464955089790e-01,0.000000000000000000e+00,4.907500000000000000e+02,4.907500000000000000e+02,4.907500000000000000e+02,9.320128892251541401e+02,4.907500000000000000e+02,0.000000000000000000e+00,4.907500000000000000e+02,9.320128892251541401e+02
1.240000000000000000e+02,1.600000000000000000e+01,-6.665275813107996328e+00,8.611111111111111605e-01,2.910000000000000142e+01,0.000000000000000000e+00,7.020240267014372648e-01,0.000000000000000000e+00,0.000000000000000000e+00,7.020240267014372648e-01,0.000000000000000000e+00,5.513167152153993777e-01,0.000000000000000000e+00,4.867500000000000000e+02,4.867500000000000000e+02,4.867500000000000000e+02,9.242989459176304763e+02,4.867500000000000000e+02,0.000000000000000000e+00,4.867500000000000000e+02,9.242989459176304763e+02
1.250000000000000000e+02,1.700000000000000000e+01,-5.415702503345642072e+00,8.888888888888889506e-01,2.710000000000000142e+01,0.000000000000000000e+00,1.252204795962921668e+00,0.000000000000000000e+00,0.000000000000000000e+00,1.252204795962921668e+00,0.000000000000000000e+00,6.880025657081688673e-01,0.000000000000000000e+00,4.718750000000000000e+02,4.718750000000000000e+02,4.718750000000000000e+02,8.963090836129375703e+02,4.718750000000000000e+02,0.000000000000000000e+00,4.718750000000000000e+02,8.963090836129375703e+02
1.260000000000000000e+02,1.700000000000000000e+01,7.248449774637037990e-01,8.888888888888889506e-01,2.650000000000000000e+01,0.000000000000000000e+00,1.762260772173547041e+00,0.000000000000000000e+00,0.000000000000000000e+00,1.762260772173547041e+00,0.000000000000000000e+00,5.322744614782832784e-01,0.000000000000000000e+00,4.297500000000000000e+02,4.297500000000000000e+02,4.297500000000000000e+02,8.153037396122994096e+02,4.297500000000000000e+02,0.000000000000000000e+00,4.297500000000000000e+02,8.153037396122994096e+02
1.270000000000000000e+02,1.600000000000000000e+01,4.388204744145696168e-04,8.333333333333332593e-01,3.030000000000000071e+01,7.452147302632168568e-03,1.068271301776956284e+00,0.000000000000000000e+00,0.000000000000000000e+00,1.068271301776956284e+00,0.000000000000000000e+00,0.000000000000000000e+00,0.000000000000000000e+00,2.631250000000000000e+02,2.631250000000000000e+02,2.631250000000000000e+02,4.895594810305827878e+02,2.631250000000000000e+02,0.000000000000000000e+00,2.631250000000000000e+02,4.895594810305827878e+02
1.280000000000000000e+02,1.400000000000000000e+01,-8.701500936399668262e+00,8.611111111111111605e-01,3.729999999999999716e+01,7.823616690568716003e-02,1.583147810822197465e-01,0.000000000000000000e+00,0.000000000000000000e+00,1.583147810822197465e-01,0.000000000000000000e+00,0.000000000000000000e+00,0.000000000000000000e+00,1.757500000000000000e+02,1.757500000000000000e+02,1.757500000000000000e+02,3.338247120264755381e+02,1.757500000000000000e+02,0.000000000000000000e+00,1.757500000000000000e+02,3.338247120264755381e+02
1.290000000000000000e+02,1.100000000000000000e+01,-7.280439282297948012e+00,9.722222222222222099e-01,4.579999999999999716e+01,0.000000000000000000e+00,0.000000000000000000e+00,0.000000000000000000e+00,0.000000000000000000e+00,0.000000000000000000e+00,0.000000000000000000e+00,0.000000000000000000e+00,0.000000000000000000e+00,0.000000000000000000e+00,0.000000000000000000e+00,0.000000000000000000e+00,0.000000000000000000e+00,0.000000000000000000e+00,0.000000000000000000e+00,0.000000000000000000e+00,0.000000000000000000e+00
1.300000000000000000e+02,1.000000000000000000e+01,-9.306720534039072845e+00,1.027777777777777901e+00,5.310000000000000142e+01,0.000000000000000000e+00,0.000000000000000000e+00,3.425572855448593551e-02,3.193992360871247826e-01,0.000000000000000000e+00,0.000000000000000000e+00,4.997291702454665918e-01,4.922611006340227302e-01,0.000000000000000000e+00,0.000000000000000000e+00,0.000000000000000000e+00,0.000000000000000000e+00,0.000000000000000000e+00,0.000000000000000000e+00,0.000000000000000000e+00,0.000000000000000000e+00
1.310000000000000000e+02,9.000000000000000000e+00,-1.081144241518057925e+01,1.000000000000000000e+00,5.789999999999999858e+01,0.000000000000000000e+00,1.814538151634532137e-01,0.000000000000000000e+00,5.683918343722386135e-01,1.814538151634532137e-01,0.000000000000000000e+00,7.058299864505354071e-01,8.979004992964094711e-01,0.000000000000000000e+00,0.000000000000000000e+00,0.000000000000000000e+00,0.000000000000000000e+00,0.000000000000000000e+00,0.000000000000000000e+00,0.000000000000000000e+00,0.000000000000000000e+00
1.320000000000000000e+02,8.000000000000000000e+00,-1.224971505265023097e+01,1.000000000000000000e+00,6.289999999999999858e+01,0.000000000000000000e+00,3.401278049602219355e-01,0.000000000000000000e+00,8.599775316493742938e-01,3.401278049602219355e-01,0.000000000000000000e+00,6.677756439192512605e-01,1.234280453903360941e+00,0.000000000000000000e+00,0.000000000000000000e+00,0.000000000000000000e+00,0.000000000000000000e+00,0.000000000000000000e+00,0.000000000000000000e+00,0.000000000000000000e+00,0.000000000000000000e+00
1.330000000000000000e+02,7.000000000000000000e+00,-2.052060486789406468e+01,1.027777777777777901e+00,6.690000000000000568e+01,0.000000000000000000e+00,3.474558094781044493e-01,0.000000000000000000e+00,1.154432279364089098e+00,3.474558094781044493e-01,0.000000000000000000e+00,4.673980382374385845e-01,1.457042789079990852e+00,0.000000000000000000e+00,0.000000000000000000e+00,0.000000000000000000e+00,0.000000000000000000e+00,0.000000000000000000e+00,0.000000000000000000e+00,0.000000000000000000e+00,0.000000000000000000e+00
1.340000000000000000e+02,7.000000000000000000e+00,-1.418825155652768899e+01,1.027777777777777901e+00,7.040000000000000568e+01,0.000000000000000000e+00,2.124911962272000299e-01,0.000000000000000000e+00,1.474594203941995696e+00,2.124911962272000299e-01,0.000000000000000000e+00,2.130225067868374289e-01,1.632616306827284314e+00,0.000000000000000000e+00,0.000000000000000000e+00,0.000000000000000000e+00,0.000000000000000000e+00,0.000000000000000000e+00,0.000000000000000000e+00,0.000000000000000000e+00,0.000000000000000000e+00
1.350000000000000000e+02,7.000000000000000000e+00,-1.332576725796508299e+01,1.000000000000000000e+00,7.300000000000000000e+01,6.282527578330736329e-02,0.000000000000000000e+00,8.305296053916277899e-02,2.071222267619543977e+00,0.000000000000000000e+00,0.000000000000000000e+00,0.000000000000000000e+00,2.017047782742583006e+00,0.000000000000000000e+00,0.000000000000000000e+00,0.000000000000000000e+00,0.000000000000000000e+00,0.000000000000000000e+00,0.000000000000000000e+00,0.000000000000000000e+00,0.000000000000000000e+00
1.360000000000000000e+02,7.000000000000000000e+00,-1.315712130241871591e+01,9.444444444444444198e-01,7.490000000000000568e+01,3.214200976607166083e-01,0.000000000000000000e+00,5.877246595257623607e-01,2.550826305334910948e+00,0.000000000000000000e+00,0.000000000000000000e+00,0.000000000000000000e+00,2.213199184656724050e+00,0.000000000000000000e+00,0.000000000000000000e+00,0.000000000000000000e+00,0.000000000000000000e+00,0.000000000000000000e+00,0.000000000000000000e+00,0.000000000000000000e+00,0.000000000000000000e+00
1.370000000000000000e+02,6.000000000000000000e+00,-1.464343242857859195e+01,9.444444444444444198e-01,7.800000000000000000e+01,4.080725194355248053e-01,0.000000000000000000e+00,1.191858492785300427e+00,2.764380246191963320e+00,0.000000000000000000e+00,0.000000000000000000e+00,0.000000000000000000e+00,2.170217329153819374e+00,0.000000000000000000e+00,0.000000000000000000e+00,0.000000000000000000e+00,0.000000000000000000e+00,0.000000000000000000e+00,0.000000000000000000e+00,0.000000000000000000e+00,0.000000000000000000e+00
1.380000000000000000e+02,6.000000000000000000e+00,-1.483888442834916077e+01,9.444444444444444198e-01,8.190000000000000568e+01,2.103660004476523571e-01,0.000000000000000000e+00,1.813365097449874064e+00,2.883817210379340690e+00,0.000000000000000000e+00,0.000000000000000000e+00,0.000000000000000000e+00,2.132268572817436425e+00,0.000000000000000000e+00,0.000000000000000000e+00,0.000000000000000000e+00,0.000000000000000000e+00,0.000000000000000000e+00,0.000000000000000000e+00,0.000000000000000000e+00,0.000000000000000000e+00
1.390000000000000000e+02,5.000000000000000000e+00,-1.669862232867529883e+01,9.166666666666666297e-01,8.509999999999999432e+01,0.000000000000000000e+00,0.000000000000000000e+00,2.065024185124260558e+00,2.628796147882770828e+00,0.000000000000000000e+00,0.000000000000000000e+00,3.526482935318778211e-01,1.992874819373703810e+00,0.000000000000000000e+00,0.000000000000000000e+00,0.000000000000000000e+00,0.000000000000000000e+00,0.000000000000000000e+00,0.000000000000000000e+00,0.000000000000000000e+00,0.000000000000000000e+00
1.400000000000000000e+02,5.000000000000000000e+00,-1.624965042257224468e+01,8.333333333333332593e-01,8.690000000000000568e+01,0.000000000000000000e+00,0.000000000000000000e+00,2.082126181079991589e+00,2.560905004621096825e+00,0.000000000000000000e+00,0.000000000000000000e+00,1.252092629833328141e+00,2.252657241260548560e+00,0.000000000000000000e+00,0.000000000000000000e+00,0.000000000000000000e+00,0.000000000000000000e+00,0.000000000000000000e+00,0.000000000000000000e+00,0.000000000000000000e+00,0.000000000000000000e+00
1.410000000000000000e+02,5.000000000000000000e+00,-1.557845026018225099e+01,8.333333333333332593e-01,8.820000000000000284e+01,0.000000000000000000e+00,0.000000000000000000e+00,1.526525795307514866e+00,2.508920301222584026e+00,0.000000000000000000e+00,0.000000000000000000e+00,2.203393521434734215e+00,2.760287203628259078e+00,0.000000000000000000e+00,0.000000000000000000e+00,0.000000000000000000e+00,0.000000000000000000e+00,0.000000000000000000e+00,0.000000000000000000e+00,0.000000000000000000e+00,0.000000000000000000e+00
1.420000000000000000e+02,5.000000000000000000e+00,-1.602280530630866906e+01,9.166666666666666297e-01,8.850000000000000000e+01,0.000000000000000000e+00,0.000000000000000000e+00,5.479952457808711097e-01,2.340588858705348940e+00,0.000000000000000000e+00,0.000000000000000000e+00,2.441710790797808173e+00,3.043853901806121698e+00,9.875000000000000000e+00,9.875000000000000000e+00,9.875000000000000000e+00,1.834743317028833332e+01,9.875000000000000000e+00,0.000000000000000000e+00,9.875000000000000000e+00,1.834743317028833332e+01
1.430000000000000000e+02,6.000000000000000000e+00,-1.546083202809859358e+01,9.444444444444444198e-01,8.579999999999999716e+01,0.000000000000000000e+00,1.760445802534026105e-01,0.000000000000000000e+00,2.529865704340214183e+00,1.760445802534026105e-01,0.000000000000000000e+00,2.261908494675499259e+00,3.435243060949599858e+00,2.121250000000000000e+02,2.121250000000000000e+02,2.121250000000000000e+02,3.995630763015844309e+02,2.121250000000000000e+02,0.000000000000000000e+00,2.121250000000000000e+02,3.995630763015844309e+02
1.440000000000000000e+02,8.000000000000000000e+00,-1.178287107219591689e+01,9.166666666666666297e-01,7.909999999999999432e+01,0.000000000000000000e+00,5.967873294492906933e-01,0.000000000000000000e+00,3.203158106370927793e+00,5.967873294492906933e-01,0.000000000000000000e+00,1.917886912751488815e+00,4.137027236810958186e+00,2.605000000000000000e+02,2.605000000000000000e+02,2.605000000000000000e+02,4.810153838842169876e+02,2.605000000000000000e+02,0.000000000000000000e+00,2.605000000000000000e+02,4.810153838842169876e+02
1.450000000000000000e+02,1.100000000000000000e+01,-1.417945328192678289e+01,8.611111111111111605e-01,7.070000000000000284e+01,0.000000000000000000e+00,7.219532580993097692e-01,0.000000000000000000e+00,4.529289741055276153e+00,7.219532580993097692e-01,0.000000000000000000e+00,1.393504604865656749e+00,5.314902748822301959e+00,8.387500000000000000e+01,8.387500000000000000e+01,8.387500000000000000e+01,1.267014087648821317e+02,8.387500000000000000e+01,0.000000000000000000e+00,8.387500000000000000e+01,1.267014087648821317e+02
1.460000000000000000e+02,1.300000000000000000e+01,-1.384174204405019282e+01,9.166666666666666297e-01,6.620000000000000284e+01,0.000000000000000000e+00,3.118444093526107630e-01,0.000000000000000000e+00,5.899204749793055313e+00,3.118444093526107630e-01,0.000000000000000000e+00,4.293324404481465573e-01,6.174453992263504887e+00,6.175000000000000000e+01,6.175000000000000000e+01,6.175000000000000000e+01,7.312395137929119926e+01,6.175000000000000000e+01,0.000000000000000000e+00,6.175000000000000000e+01,7.312395137929119926e+01
1.470000000000000000e+02,1.400000000000000000e+01,-5.487436120172390019e+00,9.444444444444444198e-01,6.590000000000000568e+01,7.305256596954545767e-01,0.000000000000000000e+00,7.057078707775041870e-01,6.880319271759339550e+00,0.000000000000000000e+00,0.000000000000000000e+00,0.000000000000000000e+00,6.346948334202925146e+00,1.041250000000000000e+02,1.041250000000000000e+02,1.041250000000000000e+02,1.365059432124718626e+02,1.041250000000000000e+02,0.000000000000000000e+00,1.041250000000000000e+02,1.365059432124718626e+02
1.480000000000000000e+02,1.400000000000000000e+01,-7.327095412081462200e+00,9.166666666666666297e-01,6.629999999999999716e+01,1.714668702029643610e+00,0.000000000000000000e+00,2.213832169970682440e+00,7.680939326252205213e+00,0.000000000000000000e+00,0.000000000000000000e+00,0.000000000000000000e+00,6.222020460460234048e+00,7.937500000000000000e+01,7.937500000000000000e+01,7.937500000000000000e+01,9.202561939125244805e+01,7.937500000000000000e+01,0.000000000000000000e+00,7.937500000000000000e+01,9.202561939125244805e+01
1.490000000000000000e+02,1.500000000000000000e+01,-1.742328483941625450e+01,9.166666666666666297e-01,6.700000000000000000e+01,2.208742373784796875e+00,0.000000000000000000e+00,4.090787588108992345e+00,8.126256718874801166e+00,0.000000000000000000e+00,0.000000000000000000e+00,0.000000000000000000e+00,5.786813911942452648e+00,2.162499999999999645e+01,2.162499999999999645e+01,2.162499999999999645e+01,1.546493993700245095e+00,2.162499999999999645e+01,0.000000000000000000e+00,2.162499999999999645e+01,1.546493993700245095e+00
1.500000000000000000e+02,1.500000000000000000e+01,-3.155306441415149266e+01,9.444444444444444198e-01,6.840000000000000568e+01,1.746393754417929989e+00,0.000000000000000000e+00,5.956712246186085302e+00,8.003657081237342652e+00,0.000000000000000000e+00,0.000000000000000000e+00,0.000000000000000000e+00,5.142971278779002731e+00,9.874999999999998224e+00,9.874999999999998224e+00,9.874999999999998224e+00,7.062024595509789338e-01,9.874999999999998224e+00,0.000000000000000000e+00,9.874999999999998224e+00,7.062024595509789338e-01
1.510000000000000000e+02,1.400000000000000000e+01,-1.475179740460032463e+01,1.027777777777777901e+00,7.240000000000000568e+01,0.000000000000000000e+00,0.000000000000000000e+00,7.533871026762466450e+00,7.699255569425943690e+00,0.000000000000000000e+00,0.000000000000000000e+00,1.166679816143757625e-01,4.944744928712687226e+00,1.074999999999999822e+01,1.074999999999999822e+01,1.074999999999999822e+01,7.687773610301795735e-01,1.074999999999999822e+01,0.000000000000000000e+00,1.074999999999999822e+01,7.687773610301795735e-01
1.520000000000000000e+02,1.400000000000000000e+01,-4.338497564943452289e+00,1.000000000000000000e+00,7.679999999999999716e+01,0.000000000000000000e+00,0.000000000000000000e+00,7.551096671957894024e+00,7.037853253469184445e+00,0.000000000000000000e+00,0.000000000000000000e+00,3.788146684326596514e+00,5.640414661278764008e+00,1.587500000000000000e+01,1.587500000000000000e+01,1.587500000000000000e+01,2.249046151652650849e+01,1.587500000000000000e+01,0.000000000000000000e+00,1.587500000000000000e+01,2.249046151652650849e+01
1.530000000000000000e+02,1.300000000000000000e+01,-7.156909666785566060e+00,9.444444444444444198e-01,8.040000000000000568e+01,0.000000000000000000e+00,0.000000000000000000e+00,4.505037459688226775e+00,5.922703514315923456e+00,0.000000000000000000e+00,0.000000000000000000e+00,7.402413758035176983e+00,6.998695879007581944e+00,0.000000000000000000e+00,0.000000000000000000e+00,0.000000000000000000e+00,0.000000000000000000e+00,0.000000000000000000e+00,0.000000000000000000e+00,0.000000000000000000e+00,0.000000000000000000e+00
1.540000000000000000e+02,1.300000000000000000e+01,-1.283354878137163269e+01,9.722222222222222099e-01,8.450000000000000000e+01,0.000000000000000000e+00,0.000000000000000000e+00,6.244699508590597636e-01,5.494516376879200692e+00,0.000000000000000000e+00,0.000000000000000000e+00,8.457210871410268282e+00,8.403344418970057461e+00,0.000000000000000000e+00,0.000000000000000000e+00,0.000000000000000000e+00,0.000000000000000000e+00,0.000000000000000000e+00,0.000000000000000000e+00,0.000000000000000000e+00,0.000000000000000000e+00
1.550000000000000000e+02,1.300000000000000000e+01,-4.732905645493076463e+00,9.444444444444444198e-01,8.700000000000000000e+01,0.000000000000000000e+00,1.832364091384726557e+00,0.000000000000000000e+00,5.969540821115237428e+00,1.832364091384726557e+00,0.000000000000000000e+00,7.314712117306843453e+00,9.366470714350075610e+00,0.000000000000000000e+00,0.000000000000000000e+00,0.000000000000000000e+00,0.000000000000000000e+00,0.000000000000000000e+00,0.000000000000000000e+00,0.000000000000000000e+00,0.000000000000000000e+00
1.560000000000000000e+02,1.200000000000000000e+01,-7.776170759763658680e+00,8.611111111111111605e-01,8.790000000000000568e+01,0.000000000000000000e+00,2.670704984415630978e+00,0.000000000000000000e+00,6.925437820579346315e+00,2.670704984415630978e+00,0.000000000000000000e+00,5.321337283904004956e+00,9.893425259391200655e+00,0.000000000000000000e+00,0.000000000000000000e+00,0.000000000000000000e+00,0.000000000000000000e+00,0.000000000000000000e+00,0.000000000000000000e+00,0.000000000000000000e+00,0.000000000000000000e+00
1.570000000000000000e+02,1.200000000000000000e+01,-1.330763907139368030e+01,8.333333333333332593e-01,8.850000000000000000e+01,0.000000000000000000e+00,2.387753138430536826e+00,0.000000000000000000e+00,8.114716904772221184e+00,2.387753138430536826e+00,0.000000000000000000e+00,3.249641879719757931e+00,1.020826409080437180e+01,0.000000000000000000e+00,0.000000000000000000e+00,0.000000000000000000e+00,0.000000000000000000e+00,0.000000000000000000e+00,0.000000000000000000e+00,0.000000000000000000e+00,0.000000000000000000e+00
1.580000000000000000e+02,1.200000000000000000e+01,-1.007791879190409645e+01,8.055555555555554692e-01,8.990000000000000568e+01,0.000000000000000000e+00,1.260824962357288692e+00,0.000000000000000000e+00,9.043130736931495051e+00,1.260824962357288692e+00,0.000000000000000000e+00,1.277438372966807734e+00,9.985760097827323989e+00,0.000000000000000000e+00,0.000000000000000000e+00,0.000000000000000000e+00,0.000000000000000000e+00,0.000000000000000000e+00,0.000000000000000000e+00,0.000000000000000000e+00,0.000000000000000000e+00
1.590000000000000000e+02,1.200000000000000000e+01,-9.912602427287254159e+00,7.777777777777776791e-01,9.240000000000000568e+01,3.293988005488762139e-01,0.000000000000000000e+00,4.308207539564075095e-01,9.896081800076482082e+00,0.000000000000000000e+00,0.000000000000000000e+00,0.000000000000000000e+00,9.613760709576890662e+00,0.000000000000000000e+00,0.000000000000000000e+00,0.000000000000000000e+00,0.000000000000000000e+00,0.000000000000000000e+00,0.000000000000000000e+00,0.000000000000000000e+00,0.000000000000000000e+00
1.600000000000000000e+02,1.200000000000000000e+01,-8.051909546541480722e+00,7.777777777777776791e-01,9.420000000000000284e+01,1.358967430738932336e+00,0.000000000000000000e+00,2.455037738808948156e+00,1.049880456866835843e+01,0.000000000000000000e+00,0.000000000000000000e+00,0.000000000000000000e+00,9.082405724075954367e+00,0.000000000000000000e+00,0.000000000000000000e+00,0.000000000000000000e+00,0.000000000000000000e+00,0.000000000000000000e+00,0.000000000000000000e+00,0.000000000000000000e+00,0.000000000000000000e+00
1.610000000000000000e+02,1.200000000000000000e+01,-7.478194141929009220e+00,7.500000000000000000e-01,9.479999999999999716e+01,1.583739155159765710e+00,0.000000000000000000e+00,4.550454922308183825e+00,1.045634926907522910e+01,0.000000000000000000e+00,0.000000000000000000e+00,0.000000000000000000e+00,8.178306891680886537e+00,0.000000000000000000e+00,0.000000000000000000e+00,0.000000000000000000e+00,0.000000000000000000e+00,0.000000000000000000e+00,0.000000000000000000e+00,0.000000000000000000e+00,0.000000000000000000e+00
1.620000000000000000e+02,1.200000000000000000e+01,-7.798429551064884890e+00,6.944444444444444198e-01,9.509999999999999432e+01,7.867538465790587798e-01,0.000000000000000000e+00,6.512506766431696015e+00,1.026730440395358279e+01,0.000000000000000000e+00,0.000000000000000000e+00,0.000000000000000000e+00,7.556593788982698179e+00,0.000000000000000000e+00,0.000000000000000000e+00,0.000000000000000000e+00,0.000000000000000000e+00,0.000000000000000000e+00,0.000000000000000000e+00,0.000000000000000000e+00,0.000000000000000000e+00
1.630000000000000000e+02,1.200000000000000000e+01,-5.826909264541768607e+00,6.111111111111111605e-01,9.550000000000000000e+01,0.000000000000000000e+00,0.000000000000000000e+00,7.742228129689340932e+00,9.762498346971124619e+00,0.000000000000000000e+00,0.000000000000000000e+00,1.294124829338001215e+00,7.367880180915322264e+00,0.000000000000000000e+00,0.000000000000000000e+00,0.000000000000000000e+00,0.000000000000000000e+00,0.000000000000000000e+00,0.000000000000000000e+00,0.000000000000000000e+00,0.000000000000000000e+00
1.640000000000000000e+02,1.200000000000000000e+01,-6.143207016224494055e+00,5.277777777777777901e-01,9.609999999999999432e+01,0.000000000000000000e+00,0.000000000000000000e+00,7.430838807504386523e+00,9.047812129227239097e+00,0.000000000000000000e+00,0.000000000000000000e+00,4.462610889658359170e+00,7.945507751956980336e+00,0.000000000000000000e+00,0.000000000000000000e+00,0.000000000000000000e+00,0.000000000000000000e+00,0.000000000000000000e+00,0.000000000000000000e+00,0.000000000000000000e+00,0.000000000000000000e+00
1.650000000000000000e+02,1.200000000000000000e+01,-5.972357221349682277e+00,5.277777777777777901e-01,9.609999999999999432e+01,0.000000000000000000e+00,0.000000000000000000e+00,5.074229854668584672e+00,8.284411293185641512e+00,0.000000000000000000e+00,0.000000000000000000e+00,7.377631342926878055e+00,9.139820518283313433e+00,0.000000000000000000e+00,0.000000000000000000e+00,0.000000000000000000e+00,0.000000000000000000e+00,0.000000000000000000e+00,0.000000000000000000e+00,0.000000000000000000e+00,0.000000000000000000e+00
1.660000000000000000e+02,1.200000000000000000e+01,-6.152113249549131524e+00,5.277777777777777901e-01,9.640000000000000568e+01,0.000000000000000000e+00,0.000000000000000000e+00,1.765912559476039867e+00,7.652905142376306813e+00,0.000000000000000000e+00,0.000000000000000000e+00,8.095043172842645518e+00,1.000334067917699166e+01,2.375000000000000000e+00,2.375000000000000000e+00,2.375000000000000000e+00,3.883789468681484447e+00,2.375000000000000000e+00,0.000000000000000000e+00,2.375000000000000000e+00,3.883789468681484447e+00
1.670000000000000000e+02,1.200000000000000000e+01,-1.141207321938640007e+01,4.722222222222222099e-01,9.679999999999999716e+01,0.000000000000000000e+00,6.142535543539295873e-01,0.000000000000000000e+00,8.031900000655038951e+00,6.142535543539295873e-01,0.000000000000000000e+00,7.261540162039950452e+00,1.095671646635237373e+01,1.400000000000000000e+01,1.400000000000000000e+01,1.400000000000000000e+01,1.678545748064274079e+01,1.400000000000000000e+01,0.000000000000000000e+00,1.400000000000000000e+01,1.678545748064274079e+01
1.680000000000000000e+02,1.300000000000000000e+01,-2.506026103978601327e+01,3.611111111111111049e-01,9.650000000000000000e+01,0.000000000000000000e+00,1.782346378033572654e+00,0.000000000000000000e+00,9.266312594148542914e+00,1.782346378033572654e+00,0.000000000000000000e+00,5.596859876296261582e+00,1.200671244889776901e+01,9.374999999999998224e+00,9.374999999999998224e+00,9.374999999999998224e+00,6.704453729914356952e-01,9.374999999999998224e+00,0.000000000000000000e+00,9.374999999999998224e+00,6.704453729914356952e-01
1.690000000000000000e+02,1.400000000000000000e+01,-3.369475750065615216e+01,3.611111111111111049e-01,9.400000000000000000e+01,0.000000000000000000e+00,1.804908603970671432e+00,0.000000000000000000e+00,1.104552372114398118e+01,1.804908603970671432e+00,0.000000000000000000e+00,3.429815800212359989e+00,1.298953199282742688e+01,1.012499999999999822e+01,1.012499999999999822e+01,1.012499999999999822e+01,7.240810028307506085e-01,1.012499999999999822e+01,0.000000000000000000e+00,1.012499999999999822e+01,7.240810028307506085e-01
